slang,translationID
gue,saya
lu,kamu
gokil,gila / keren banget
baper,bawa perasaan
kepo,ingin tahu urusan orang lain
aamiin,amin
adek,adik
adlh,adalah
aer,air
aiskrim,es krim
aj,saja
aja,saja
ajah,saja
ajalah,saja
aje,saja
ajh,saja
ajj,saja
aku,saya
ak,saya
akoh,saya
akutu,saya
aq,saya
alesan,alasan
ama,sama
amaca,ah masa
amuh,kamu
ancur,hancur
ane,saya
anget,hangat
anjeng,anjing
ank,anak
apah,apa
aph,apa
apo,apa
apose,apa
apz,apa
artine,artinya
asek,asik
ati2,hati-hati
atit,sakit
atu,satu
atw,atau
ayang,sayang
ayuk,ayo
babang,abang
bae,baik
bais,habis
bakalan,akan
bales,balas
bandingin,bandingkan
banget,sekali
bangett,sangat
banyakin,perbanyak
barengan,bersamaan
baryaw,sabar ya
baso,bakso
bay,selamat tinggal
bbrp,beberapa
bc,baca
bcs,bisa
bct,bicara
bdan,badan
bdg,bandung
bdn,badan
becanda,bercanda
bedua,berdua
bego,bodoh
bekel,bekal
belom,belum
belon,belum
bener,benar
bener2,benar-benar
beneran,benar
berantem,bertengkar
berenti,berhenti
besoq,besok
bete,sebal
beud,banget
bg,bagi
bgd,sangat
bget,sangat
bgini,begini
bgitu,begitu
bgks,bungkus
bgm,bagaimana
bgmn,bagaimana
bgn,bangun
bgni,begini
bgntdr,bangun tidur
bgs,bagus
bgt,sangat
bgtu,begitu
bgus,bagus
bhay,selamat tinggal
bhn,bahan
bhs,bahas
bhw,bahwa
bhy,bahaya
bisaa,bisa
bisya,bisa
biza,bisa
bj,baju
bju,baju
bk,buku
bkan,bukan
bkin,bikin
bkl,bakal
bkn,bukan
bkr,bakar
bks,bungkus
bl,beli
blajar,belajar
blg,bilang
blh,boleh
bli,beli
blik,balik
bljr,belajar
blk,balik
blkg,belakang
blkng,belakang
blkngny,belakangnya
blm,belum
bln,bulan
blng,bilang
blngn,bilang
blom,belum
bls,balas
blum,belum
bndg,bandung
bndr,bandar
bner,benar
bneran,benar
bnget,sangat
bngks,bungkus
bngng,bingung
bngt,sangat
bngun,bangun
bnr,benar
bnrbnr,benar-benar
bnrn,benar
bntar,sebentar
bntr,sebentar
bnyak,banyak
bnyk,banyak
bnykny,banyaknya
bobo,tidur
bobok,tidur
bokap,ayah
bole,boleh
boong,bohong
bosen,bosan
bpk,bapak
brani,berani
brapa,berapa
brarti,berarti
brasa,berasa
brg,barang
brgkt,berangkat
brhsl,berhasil
brjln,berjalan
brkfst,breakfast
brmslh,bermasalah
brngkt,berangkat
brp,berapa
brpa,berapa
brrti,berarti
brs,beres
brshbt,bersahabat
brsm,bersama
brthn,bertahan
brtmn,berteman
bru,baru
bs,bisa
bsa,bisa
bsk,besok
bsok,besok
bsoq,besok
bsr,besar
btg,batang
bth,butuh
btl,betul
btul,betul
buad,buat
buatin,buatkan
bucin,budak cinta
bulcit,omong kosong
bw,bawa
bwa,bawa
bwh,bawah
bwt,buat
byk,banyak
bynk,banyak
byr,bayar
cabal,sabar
cabut,pergi
caiank,sayang
cakep,cakap
cape,capai
capek,capai
catet,catat
cb,coba
cekola,sekolah
cekolah,sekolah
celalaw,selalu
celalu,selalu
cemungudh,semangat
cemungut,semangat
cemunguth,semangat
cepet,cepat
cewe,cewek
cibuq,sibuk
cini,sini
ciyus,serius
ckp,cukup
ckrg,sekarang
ckup,cukup
cll,selalu
cllu,selalu
cllw,selalu
cm,cuma
cma,cuma
cman,hanya
cmn,hanya
cmpk,cempaka
cobaa,coba
coeg,jancuk
cowo,cowok
cpat,cepat
cpe,capek
cpee,capek
cpet,cepat
cpt,cepat
cptn,cepatan
crt,cerita
cth,contoh
cug,jancuk
cuk,jancuk
cuman,hanya
cungguh,sungguh
cw,cewek
cwe,cewek
cwo,cowok
cyang,sayang
dah,sudah
dalem,dalam
dapa,ada apa
dapah,ada apa
dapet,dapat
dapetin,mendapatkan
dateng,datang
dberkahi,diberkahi
dblg,dibilang
dblkng,dibelakang
dbls,dibalas
dbwt,dibuat
dbyr,dibayar
de,deh
demen,suka
denger,dengar
deres,deras
dftr,daftar
dg,dengan
dgn,dengan
dgr,dengar
dgrn,dengarin
dh,deh
didenger,didengar
didengerin,didengarkan
diem,diam
dijadiin,dijadikan
dikit,sedikit
dimance,dimana
dimandose,dimana
dimans,dimana
dipake,dipakai
dipendem,dipendam
dirmh,di rumah
ditemenin,ditemani
djkt,di jakarta
djl,di jalan
djln,di jalan
dkat,dekat
dket,dekat
dkls,di kelas
dkmps,di kampus
dkmr,di kamar
dkntr,di kantor
dksh,dikasih
dkt,dekat
dl,dulu
dll,dan lain
dlm,dalam
dlrng,dilarang
dlu,dulu
dluan,duluan
dmana,dimana
dmkn,dimakan
dmn,dimana
dmna,dimana
dmnmn,dimana-mana
dmny,dimananya
dng,dengan
dngar,dengar
dnger,dengar
dngerin,dengar
dngn,dengan
dngr,dengar
doang,saja
doank,saja
donlot,download
doyan,suka
dpan,depan
dpet,dapat
dpk,depok
dpkrkn,dipikirkan
dpn,depan
dpnrmh,depan rumah
dpt,dapat
dr,dari
drg,dokter gigi
drh,darah
dri,dari
drmh,di rumah
drmn,darimana
drpd,daripada
drtd,dari tadi
drumah,di rumah
dsb,dan sebagainya
dsblh,di sebelah
dsini,disini
dsklh,di sekolah
dsni,di sini
dst,dan seterusnya
dtg,datang
dtgny,datangnya
dtmbh,ditambah
dtmpt,di tempat
dtng,datang
duluw,dulu
dy,dia
ea,ya
eeq,feses
elo,kamu
emang,memang
emangnya,memangnya
emank,memang
emg,memang
emng,memang
engga,tidak
enggak,tidak
enk,enak
entar,nanti
ente,anda
eps,episode
eteb,bosan
eug,saya
faham,paham
fb,facebook
fav,favorit
fave,favorit
g,tidak
ga,tidak
gaada,tidak ada
gabisa,tidak bisa
gaboleh,tidak boleh
gabut,menganggur
gada,tidak ada
gaenak,tidak enak
gajadi,tidak jadi
gajelas,tidak jelas
gak,tidak
gakuat,tidak kuat
gakz,tidak
galo,galau
gamasuk,tidak masuk
gamau,tidak mau
gapake,tidak pakai
gapapa,tidak apa-apa
gapernah,tidak pernah
gapunya,tidak punya
garem,garam
gasuka,tidak suka
gatau,tidak tahu
gataw,tidak tahu
gatel,gatal
gausah,tidak usah
gawe,kerja
gblk,goblok
gbr,gambar
gdg,gudang
gembel,jelek
gengges,ganggu
ghiy,lagi
gi,lagi
gilak,gila
gile,gila
gitu,begitu
gituan,begitu
gituh,begitu
gituin,itu
gk,tidak
gmana,bagaimana
gmbr,gambar
gmn,bagaimana
gmna,bagaimana
gmpg,gampang
gmpng,gampang
gni,begini
gnti,ganti
gpny,tidak punya
gpp,tidak apa-apa
gprnh,tidak pernah
gr2,gara-gara
gratisan,gratis
gt,begitu
gtu,begitu
gtw,tidak tahu
gua,saya
gw,saya
gws,get well soon
gx,tidak
hadeh,aduh
hapal,hafal
haqq,hakiki
hargain,hargai
harini,hari ini
hbd,happy birthday
hbis,habis
hbng,hubungi
hbs,habis
hbskn,habiskan
helo,halo
heters,pembenci
hlg,hilang
hlm,halaman
hlmn,halaman
hny,hanya
hnya,hanya
hqq,hakiki
hr,hari
hrg,harga
hrgny,harganya
hri,hari
hrs,harus
hrsny,harusnya
hrus,harus
hti,hati
hums,rumah
humz,rumah
huum,iya
idiiot,idiot
idup,hidup
ily,saya cinta kamu
inget,ingat
ingetin,ingatkan
ingt,ingat
istrht,istirahat
item,hitam
itumah,itu
ituu,itu
iy,iya
iyach,iya
iyain,mengiyakan
iyap,iya
iyapz,iya
iyoo,iya
iyup,iya
iyupz,iya
jadiin,jadi
jadull,jadul
jamber,jam berapa
jancoeg,jancuk
jatoh,jatuh
jawabanya,jawabannya
jd,jadi
jdi,jadi
jdny,jadinya
jdnya,jadinya
jdwl,jadwal
jem,jam
jg,juga
jga,juga
jgan,jangan
jglh,jagalah
jgn,jangan
jgnjgn,jangan-jangan
jing,anjing
jink,anjing
jk,jika
jkrt,jakarta
jkt,jakarta
jl,jalan
jln,jalan
jm,jam
jmbtn,jembatan
jml,jumlah
jmlh,jumlah
jmpt,jemput
jmt,jumat
jng,jangan
jngan,jangan
jngn,jangan
jpn,jepang
jrg,jarang
jrng,jarang
jwb,jawab
jwbn,jawaban
jwbny,jawabannya
kacian,kasihan
kagak,tidak
kaka,kakak
kalee,kali
kaleyan,kalian
kalo,kalau
kalu,kalau
kamsud,maksud
kaos/mug/jaket,nan
karna,karena
karoke,karaoke
kasian,kasihan
kau,kamu
kayak,mirip
kayanya,kayaknya
kbnykn,kebanyakan
kbr,kabar
kbtln,kebetulan
kbykn,kebanyakan
kdg,kadang
kdng,kadang
kdpn,ke depan
kebawa,terbawa
kecakepan,kecakapan
keknya,sepertinya
kelaperan,kelaparan
kelar,selesai
keles,kali
keliatan,kelihatan
kemaren,kemarin
kenapah,kenapa
kenape,kenapa
kenaps,kenapa
kenapz,kenapa
kenceng,kencang
kepengen,ingin
kepngn,ingin
kerikil,kerikil
kesampean,kesampaian
kesel,kesal
kesian,kasihan
ketawa,tertawa
keujanan,kehujanan
keyen,keren
kga,tidak
kgak,tidak
kgk,tidak
khabar,kabar
khan,kan
khanz,kan
khsny,khususnya
khwtr,khawatir
kirimin,kirimkan
kite,kita
kk,kakak
kl,kalau
klau,kalau
klh,kalah
kli,kali
klmpk,kelompok
klo,kalau
klp,kelompok
kls,kelas
klu,kalau
kluar,keluar
klw,kalau
km,kamu
kmaren,kemarin
kmi,kami
kmn,kemana
kmna,kemana
kmpret,kampret
kmps,kamus
kmr,kamar
kmren,kemarin
kmrin,kemarin
kmrn,kemarin
kmu,kamu
kn,kan
kna,kena
knapa,kenapa
kngen,kangen
knl,kenal
knp,kenapa
knpa,kenapa
kntr,kantor
knyng,kenyang
konsen,konsentrasi
koq,kok
kosan,kost
kowe,kamu
kpala,kepala
kpan,kapan
kpd,kepada
kpgn,ingin
kpn,kapan
kpngn,ingin
krg,kurang
krikil,kerikil
krja,kerja
krmh,ke rumah
krn,karena
krna,karena
krng,kurang
krupuk,kerupuk
ksh,kasih
ksian,kasihan
ksih,kasih
ksmptn,kesempatan
ksn,kesana
kt,kita
kta,kita
ktdrn,ketiduran
ktemu,ketemu
ktmpt,ke tempat
ktmu,ketemu
ktny,katanya
ktnya,katanya
ktr,kantor
kuq,kok
kuy,ayo
kw,kamu
kyak,seperti
kyaknya,sepertinya
kyanya,sepertinya
kyk,seperti
kykny,sepertinya
kyknya,sepertinya
kyny,sepertinya
kzl,kesal
laen,lain
laff,cinta
lagian,lagi
lam,salam
laper,lapar
lb,lembar
lbh,lebih
lbih,lebih
leh,boleh
lelaahh,lelah
lemes,lemas
lg,lagi
lgi,lagi
lgkp,lengkap
lgs,langsung
lgsg,langsung
lgsng,langsung
lgsung,langsung
liatin,lihat
lm,lama
lmyn,lumayan
lngkp,lengkap
lngsg,langsung
lngsng,langsung
lngsung,langsung
lnjt,lanjut
lnsg,langsung
lnsng,langsung
lo,kamu
loe,kamu
lom,belum
lov,cinta
love,cinta
low,kalau
lp,lupa
lpngn,lapangan
lpr,lapar
lsg,langsung
luchu,lucu
lum,belum
lun,belum
luthu,lucu
luv,cinta
lvl,level
lw,kamu
lwt,lewat
maaci,terima kasih
maacih,terima kasih
maap,maaf
maen,main
mager,malas bergerak
makaci,terima kasih
makana,karena itu
makasi,terima kasih
makasihhh,terima kasih
make,pakai
makn,makan
malem,malam
malem2,malam-malam
malming,malam minggu
mamah,mama
mamam,makan
mampet,mampat
mane,mana
maneh,mana
manggil,panggil
mano,mana
mantep,mantap
masakin,masakan
mateng,matang
maw,mau
mcm,macam
mct,macet
mdg,lebih baik
mdgn,baikan
mdh,mudah
mdpt,mendapat
melulu,selalu
mendingan,lebih baik
menyempurnakan,nan
merhatiin,memperhatikan
mesen,pesan
mgkn,mungkin
mhs,mahasiswa
mhsw,mahasiswa
miapa,demi apa
miapah,demi apa
mikirin,memikirkan
milih,pilih
minjem,pinjam
misal'a,misalnya
mk,maka
mka,maka
mkan,makan
mkanan,makanan
mkanya,makanya
mkn,makan
mknan,makanan
mkny,maka itu
mksd,maksud
mksdny,maksudnya
mksdnya,maksudnya
mksdq,maksudku
mksh,terima kasih
mksih,terima kasih
mlah,malah
mlm,malam
mls,malas
mmg,memang
mn,mana
mna,mana
mndg,lebih baik
mndgn,lebih baik
mndgr,mendengar
mndi,mandi
mnding,lebih baik
mndptkn,mendapatkan
mng,menang
mnrt,menurut
mnsempurnakan,nan
mnt,minta
mnta,minta
mntp,mantap
mnum,minum
mnyakitiku,menyakitiku
mnyngkn,menyenangkan
mo,mau
moga,semoga
mosok,masa
mreka,mereka
mrh,marah
mrk,mereka
ms,mas
msg,masing
msh,masih
msih,masih
msk,masuk
mski,meski
mskipun,meskipun
mskn,masakan
msl,misal
mslh,masalah
msti,harus
muke,muka
mulu,terus
musti,harus
muup,maaf
mu'uv,maaf
mw,mau
mz,mas
nabung,tabung
naek,naik
nahan,tahan
nak,anak
nambah,tambah
nanya,tanya
napa,kenapa
napas,nafas
nape,kenapa
naq,anak
nasgor,nasi goreng
nax,anak
nda,tidak
ndak,tidak
ndax,tidak
ndk,tidak
negri,negeri
nelen,telan
nemenin,menemani
nemu,temu
nengok,tengok
ngabungin,menggabungkan
ngadain,mengadakan
ngajak,mengajak
ngajar,ajar
ngak,tidak
ngakak,terbahak-bahak
ngambek,marah
ngambil,ambil
nganter,antar
nganterin,antar
ngarep,mengharap
ngarepinnya,mengharapkannya
ngasi,kasih
ngasih,kasih
ngegosip,gosip
ngehadepin,menghadapi
ngeliatin,melihat
ngeluh,keluh
ngerasa,merasa
ngerasain,merasakan
ngerjain,mengerjakan
ngerokok,merokok
ngetik,ketik
ngga,tidak
nggak,tidak
nggax,tidak
nggesek,menggesek
nggk,tidak
nggosok,menggosok
ngibul,berbohong
ngidam,idam
ngikutin,ikuti
ngilangin,menghilangkan
nginep,menginap
ngingetin,mengingatkan
ngjk,mengajak
ngk,tidak
ngmbl,mengambil
ngmg,omong
ngmng,berbicara
ngmpl,berkumpul
ngmps,ke kampus
ngntk,mengantuk
ngntr,ke kantor
ngobatin,obati
ngobrol,bicara
ngomong,bicara
ngomongin,membicarakan
ngrasain,merasakan
ngundurin,mengundurkan
ngunyah,kunyah
ngurus,urus
ni,ini
nich,ini
ninggalin,tinggalkan
nmbh,tambah
nmny,namanya
nmpk,nampak
nmr,nomor
nnti,nanti
nntn,nonton
nnton,nonton
nolak,tolak
nraktir,traktir
ntah,entah
ntap,mantap
ntar,nanti
nti,nanti
ntn,nonton
nton,nonton
ntr,nanti
ntu,itu
nungguin,tunggu
nyakiti,menyakiti
nyakitin,menyakiti
nyalain,nyalakan
nyampe,sampai
nyangka,sangka
nyantai,santai
nyari,cari
nyebelin,menyebalkan
nyeremin,menyeramkan
nyesek,sesak
nyesel,menyesal
nyetel,setel
nyiksa,menyiksa
nyoba,coba
nyobain,coba
nyuci,cuci
nyukur,cukur
nyuruh,suruh
nyusul,susul
oc,oke
oce,oke
ohh,oh
ok,oke
okedech,oke
okedeh,oke
okeh,baik
okz,oke
ol,online
org,orang
org2,orang-orang
orng,orang
ortu,orangtua
ouch,oh
ouh,oh
owh,oh
pait,pahit
pake,pakai
pakek,pakai
pantesan,pantas
pasutri,pasangan suami istri
paz,pas
pcr,pacar
pcrn,pacaran
pcrny,pacarnya
pd,pada
pdahal,padahal
pdhal,padahal
pdhl,padahal
pedes,pedas
pegi,pergi
pengen,ingin
penghianat,pengkhianat
pengin,ingin
pesen,pesan
pg,pergi
pgen,ingin
pgn,ingin
pilem,film
pingin,ingin
pinjem,pinjam
pinter,pintar
pkai,pakai
pke,pakai
plg,pulang
plis,tolong
pljrn,pelajaran
plng,pulang
pmpuan,perempuan
pndh,pindah
pngen,ingin
pngn,ingin
pnjng,panjang
pnting,penting
pntng,penting
pny,punya
pnya,punya
pokonya,pokoknya
praktek,praktik
prasaan,perasaan
prgi,pergi
prmhn,perumahan
prmptn,perempatan
prnah,pernah
prnh,pernah
prthnkn,pertahankan
psg,pasang
psng,pasang
psr,pasar
psti,pasti
ptg,penting
punye,punya
puter,putar
puterin,putar
pzt,pasti
q,saya
qaqa,kakak
qq,kakak
qt,kita
qta,kita
rada,agak
rame,ramai
rame2,ramai-ramai
rasane,rasanya
rb,ribu
rmbt,rambut
rmh,rumah
rmhq,rumahku
rsk,rusak
sabeb,bebas
sabi,bisa
saje,saja
salfok,salah fokus
saltum,salah kostum
sambel,sambal
samo,sama
sampe,sampai
sans,santai
sape,siapa
sateny,satenya
sbg,sebagai
sbl,sebelah
sblh,sebelah
sblhny,sebelahnya
sblm,sebelum
sblmny,sebelumnya
sbnr,sebenarnya
sbnrny,sebenarnya
sbnrnya,sebenarnya
sbnt,sebentar
sbntr,sebentar
sbr,sabar
sbtr,sebentar
scr,secara
sdah,sudah
sdg,sedang
sdgkn,sedangkan
sdh,sudah
sdng,sedang
sdngkn,sedangkan
sebel,kesal
sebenernya,sebenarnya
sekola,sekolah
selaw,santai
selow,sebentar
semalem,semalam
sembuhin,sembuhkan
senen,senin
seneng,senang
serem,seram
sesek,sesak
seterah,terserah
sgala,segala
sgini,segini
sgitu,segitu
sgt,sangat
shap,siap
shaps,siap
shbt,sahabat
shiet,tahi
shit,tahi
sihat,sehat
sja,saja
skali,sekali
skalian,sekalian
skit,sakit
sklh,sekolah
skola,sekolah
skolah,sekolah
skr,sekarang
skrang,sekarang
skrg,sekarang
skrng,sekarang
skt,sakit
slah,salah
slalu,selalu
slamat,selamat
slesai,selesai
slg,saling
slh,salah
slhkn,salahkan
sllu,selalu
slm,salam
slmt,selamat
sls,selesai
sm,sama
smangat,semangat
smbg,sambung
smbh,sembuh
smbhyg,sembahyang
smbil,sambil
smbl,sambil
smbng,sambung
smbrg,sembarang
smbuh,sembuh
smcm,semacam
smg,semoga
smga,semoga
smgt,semangat
smlm,semalam
smlmn,semalaman
smngt,semangat
smntr,sementara
smoga,semoga
smpai,sampai
smpe,sampai
smpt,sempat
smua,semua
smuanya,semuanya
sndiri,sendiri
sndri,sendiri
sngt,sangat
sni,sini
snyum,senyum
soale,soalnya
sodara,saudara
sopo,siapa
sorang,seorang
sory,maaf
sperti,seperti
spnjng,sepanjang
sprt,seperti
sprtny,sepertinya
spt,seperti
sptny,sepertinya
spy,supaya
srg,sering
sseorg,seseorang
stelah,setelah
stgh,setengah
stiap,setiap
stlh,setelah
stngh,setengah
sudh,sudah
sy,saya
sya,saya
syantik,cantik
syg,sayang
sygku,sayangku
sygny,sayangnya
syipp,sip
syng,sayang
syp,siapa
tai,tahi
tau,tahu
tauk,tahu
taunya,tahunya
td,tadu
tdi,tadi
tdk,tidak
tdny,tadinya
tdr,tidur
tdur,tidur
telor,telur
telp,telepon
telpon,telepon
temen,teman
temen2,teman-teman
temenin,temani
tercyduk,terciduk
teriakk,teriak
teros,terus
tetep,tetap
tgannya,tangannya
tggu,tunggu
tgh,tengah
tgl,tanggal
tgn,tangan
tgs,tugas
thd,terhadap
thdp,terhadap
thks,terima kasih
thn,tahun
thnx,terima kasih
thx,terima kasih
tida,tidak
tipi,tv
tkut,tsayat
tlg,tolong
tlh,telah
tlng,tolong
tlp,telepon
tlpn,telepon
tamvan,tampan
tmbah,tambah
tmbh,tambah
tmen,teman
tmn,teman
tmpat,tempat
tmpt,tempat
tmsk,termasuk
tnp,tanpa
tnpa,tanpa
tny,ternyata
tnya,tanya
tnyt,ternyata
tp,tapi
tpi,tapi
tq,terima kasih
trdpt,terdapat
trgntng,tergantung
trims,terima kasih
trimz,terima kasih
trjadi,terjadi
trkdng,terkadang
trkhr,terakhir
trlalu,terlalu
trmksh,terima kasih
trmsk,termasuk
trnsfr,transfer
trnyata,ternyata
trnyt,ternyata
trs,terus
trsrh,terserah
trus,terus
tsadeest,sadis
tsb,tersebut
tsbt,tersebut
ttep,tetap
ttg,tentang
ttp,tetap
tu,itu
tuch,itu
tukeran,tukar
tumben,tidak biasa
tw,tahu
u,kamu
ubat,obat
ud,sudah
uda,sudah
udah,sudah
udd,sudah
udeh,sudah
udh,sudah
uga,juga
ujan2an,hujan-hujanan
untk,untuk
utk,untuk
von,telepon
w,saya
wa,saya
wad,buat
waduh,aduh
wanjir,anjir
wat,buat
wht,apa
wkt,waktu
wktu,waktu
yaini,ya ini
yank,sayang
yap,ya
yaudh,ya sudah
yaw,ya
yawda,ya sudah
yela,yailah
yelah,yailah
yg,yang
yng,yang
yodah,ya sudah
yoi,iya
yup,ya
yups,ya
yupz,ya
ywdh,ya sudah
pengikutny,pengikutnya
pmbhasan,pembahasan
wwnang,wewenang
celotehreceh,celoteh receh
kapanliburanlagi,kapan libur lagi
sbab,sebab
layan,layanan
woww,wow
aminn,amin
met,selamat
netaas,menetas
keberpa,keberapa
eeeehhhh,eh
kata2nyaaa,kata-katanya
hallo,halo
ka,kak
daah,dah
aaaaahhhh,ah
yaa,ya
amiin,amin
sii,sih
nyenengin,menyenangkan
gemess,gemas
akuuu,aku
gemesiin,menggemaskan
menyenangkn,menyenangkan
akau,aku
saranin,menyarankan
nemuin,menemukan
yah,ya
mnis2nya,manis-manisnya
idolaa,idola
kaakk,kak
baaiikkk,baik
telaatt,telat
kaak,kak
skarang,sekarang
sempet,sempat
loohhh,loh
yeee,ya
baguuuuus,bagus
gayany,gayanya
bnk,bang
awaas,awas
siip,sip
abizzzz,habis
kerrrrennnn,keren
sayaa,saya
sma,sama
sdkit,sedikit
lgu,lagu
kharismanya,karismanya
kek,kayak
lgunya,lagunya
kereeeeennnn,keren
nyamain,menyamakan
lakik,laki
siippp,sip
bangettt,banget
kereeen,keren
wihhhhhh,wih
bingitsss,banget
bird,biru
kaloo,kalo
gimna,bagaimana
tuuh,tuh
nyebur,mencebur
dbuat,dibuat
bangcat,bangsat
yha,ya
waoohhh,wah
dhe,deh
indahhh,indah
bgttt,banget
tuhh,tuh
berarto,berarti
amiiinn,amin
aminnnn2,amin-amin
amiiiin,amin
aminnn,amin
amiend,amien
yaaa,ya
ameen,amin
aminnnn,amin
amiiinnn,amin
mamer,memamerkan
jelase,jelas
liat,lihat
uwakk,uwak
gini,begini
njir,anjir
piiink,pink
astgfrullah,astagfirullah
ko,kok
cd,celana dalam
gbs,enggak bisa
yaaaaaa,ya
bangshad,bangsat
stagahhhh,astaga
iooo,lo
d,ada
plampiasannn,pelampiasan
masalahh,masalah
tohh,toh
inghinn,ingin
dhi,di
mengherthii,mengerti
yanckh,yang
chelalyyu,selalu
therchakitty,tersakiti
mauuuuu,mau
kaliii,kali
bangat,banget
dongg,dong
yokkk,yuk
yu,yuk
sweger,segar
gantengg,ganteng
bingiit,banget
kebukaaa,terbuka
yakk,ya
kayakk,kayak
asliii,asli
cntiknya,cantiknya
bat,banget
ngeliatnya,melihatnya
sll,selalu
bet,banget
njerr,anjir
bingiiittttzzzz,banget
k,kak
dooong,dong
masi,masih
hdk,hendak
jugaa,juga
mksud,maksud
mbakx,mbaknya
pa,apa
bejilbbnya,berjilbabnya
masio,masih
yahhh,ya
makasih,terima kasih
ugaaa,juga
jerewi,jerawat
ilang,hilang
jilbabnyaah,jilbabnya
yuuuk,yuk
warnaaa,warna
punyaaa,punya
cantiik,cantik
sukaaak,suka
kebayanyaa,kebayanya
mantes,memantas
merekaaaa,mereka
jugaaa,juga
gilaaaa,gila
tiga2nya,tiga-tiganya
lucuu,lucu
emessss,gemas
ucullllll,lucu
males,malas
bangeettt,banget
gemesshh,gemas
apaaa,apa
ampuunn,ampun
ciuuuummmm,cium
mbil,sambil
ngemeng,mengomong
epe,apa
seehh,sih
ucul,lucu
yahh,ya
astagfirrullah,astagfirullah
suerrr,suer
ntik,cantik
suru,suruh
lucuuuu,lucu
ketawakkkk,ketawa
nakutin,menakutkan
malingg,maling
cocokk,cocok
niihh,nih
imutttttt,imut
satuuuuu,satu
sesekk,sesak
nafass,nafas
bgtt,banget
cintaaaaaaa,cinta
lucuk,lucu
ma,sama
duluu,dulu
megang,memegang
kawinin,mengawini
ny,nya
nyaaa,nya
gemesin,menggemaskan
fotoin,memfoto
ngaku,mengaku
kaaa,kak
ganteng2,ganteng-ganteng
pcarny,pacarnya
kri,kiri
pda,pada
gara2,gara-gara
garuk2,garuk-garuk
tembokk,tembok
namax,namanya
kiriii,kiri
bungkusin,bungkuskan
dehhhh,deh
kakk,kak
ngegantiin,menggantikan
alloh,allah
trsa,terasa
khadirannya,kehadirannya
fikiran,pikiran
hayalanku,khayalanku
ngapain,mengapai
surgaa,surga
kangenn,kangen
kgn,kangen
kakkkkk,kak
rinduuuuuuuuu,rindu
terangkhn,terangkan
bgtttt,banget
tuk,untuk
slama,selama
bngunlah,bangunlah
qu,ku
hiri,hari
"teman""ny",teman-temannya
aza,saja
alm,almarhum
sie,sih
benet,benar
bangetttt,banget
tuu,tuh
gda,enggak ada
gantiin,menggantikan
kklau,kalau
acra,acara
bnerr,benar
emk,emak
temenn,teman
pngenn,ingin
terkenall,terkenal
ajhh,saja
sungguh2,sungguh-sungguh
mnjadi,menjadi
dimusiumin,dimuseumkan
bntu,bantu
kangem,kangen
amiiin,amin
"mudh""an",mudah-mudahan
tenny,tenang
lahhh,lah
lht,lihat
biasa2,biasa-biasa
mnrtkuu,menurutku
ikutin,mengikuti
wajiiib,wajib
aaaammmiiiinnnn,amin
dtnggu,ditunggu
jan,jangan
kunjungin,kunjungi
lagiiii,lagi
waktunyaaa,waktunya
diluangin,diluangkan
mimin,admin
istimewaaa,istimewa
nangis,menangis
"ngaku""",mengaku-ngaku
diaa,dia
donkk,dong
kejawab,terjawab
yaaaa,ya
seru2an,seru-seruan
mohom,mohon
kebalas,terbalas
nyempetin,menyempatkan
wktunya,waktunya
kaaaa,kak
namain,menamai
ijap,ijab
kobul,kabul
co,cowok
pst,pasti
inggat,ingat
brdua,berdua
masing2,masih
sanggat,sangat
siipp,sip
laa,lah
hdup,hidup
hdp,hidup
kedpan,kedepan
mndaptkan,mendapatkan
"nutup""in",menutup-nutupi
iyah,iya
kakkk,kak
za,saja
mulut2,mulut-mulut
peengn,ingin
muantteepp,mantap
mrit,merit
y,ya
ngapasih,mengapa sih
segitunya,sebegitunya
fto,foto
sisain,menyisakan
slamt,selamat
nantiii,nanti
edaaan,edan
tunggu2,tunggu-tunggu
sehat2,sehat-sehat
ciyeeeeeee,cie
pantes,pantas
lairannya,kelahirannya
jmnya,jamnya
ajha,saja
nyaaaa,nya
amiien,amien
terbaikkk,terbaik
ayahh,ayah
ae,saja
ngerti,mengerti
mrekaaaa,mereka
yaampuuuunnnn,ya ampun
nyanyiin,menyanyikan
ahhh,ah
tempt,tempat
kh,kah
jalan2,jalan-jalan
asyikkkkk,asyik
iriiiii,iri
naaaaahh,nah
kka,kakak
yak,ya
jrang,jarang
msuk,masuk
gossip2.an,gosip-gosipan
makkk,mak
guee,gue
pengennn,ingin
gilzz,gila
nyaru,menyaru
gilaaa,gila
kebarat2an,kebarat-baratan
mantabs,mantab
mlu,malu
payahh,payah
ntaf,mantap
"mudah""n",mudah-mudahan
milikin,memiliki
kamo,kamu
inih,ini
sukaaaa,suka
sukaaaaaa,suka
kirain,mengira
mehoonggggg,mahal
apikkkk,apik
yach,ya
kereenn,keren
ginii,begini
ayoook,ayo
yoiii,yoi
gituuu,begitu
iyaaa,iya
liptsk,lipstik
nyeplak,menjiplak
kmarin,kemarin
mengncang,mengencang
tauu,tau
skitar,sekitar
ats,atas
donk,dong
heii,hai
diputusin,diputuskan
pcrnya,pacarnya
mnjual,menjual
kkak,kakak
rekomendasiin,merekomendasikan
sihhh,sih
cooocok,cocok
mrip,mirip
mama.nyy,mamanya
bosenin,membosankan
bukn,bukan
sey,sih
cantikkk,cantik
banger,banget
kaa,kak
eakyu,waktu
cntik,cantik
kakanya,kakaknya
doeloe,dulu
cantikkkk,cantik
bngtt,banget
iyak,iya
malh,malah
laki2,laki-laki
gag,enggak
fhotonya,fotonya
bleh,boleh
tnggl,tanggal
tanteny,tantenya
ky,kaya
sklinyaa,sekalinya
ayoo,ayo
dramaa,drama
niiih,nih
lha,lah
dunk,dong
lihaat,lihat
yuwkkk,yuk
editannn,editan
thu,tuh
mai,mau
kamuu,kamu
pastii,pasti
bisaaa,bisa
kejuu,keju
kereen,keren
nama.a,namanya
kmauan,kemauan
ahhhh,ah
yuuuuk,yuk
disiniii,disini
bayangin,bayangkan
ajaaa,saja
tuhhh,tuh
amploppp,amplop
sayangg'',sayang-sayang
nantii,nanti
aminnnnn,amin
yukkkk,yuk
nged,banget
nantik,nanti
ksitu,kesitu
bangeett,banget
liad,lihat
kluarga,keluarga
biasahhh,biasa
tutorialx,tutorialnya
dpke,dipakai
fhoto,foto
kerenn,keren
binggo,banget
rekomndd,rekomendasi
bli2n,beli-belikan
wado,waduh
guaa,gua
yaakkk,ya
bangetttttyt,banget
bangettttt,banget
bangg,bang
kangeeeeeeeeennnnnnnn,kangen
kaliannnnnn,kalian
rinduuuuuuuuuu,rindu
kangennnnnmnnnnnnnnnnnnnnnnn,kangen
kaliannnnnm,kalian
kangeeeeeeeeeeennnnn,kangen
kangennnnnnnnnnnnnnnn,kangen
kangennn,kangen
kaliannnnnnn,kalian
th2,tahun-tahun
trserah,terserah
ad,ada
wlwpun,walaupun
trpsah,terpisah
prsatukn,persatukan
ngomng,mengomong
mdh2an,mudah-mudahan
skedar,sekadar
kangeeerrn,kangen
pulak,pula
terrrrbaik,terbaik
jorookknya,joroknya
ihhhhh,ih
padahall,padahal
jorokkkk,jorok
mualll,mual
klow,kalau
taiiii,tahi
seneeeeeng,senang
besarin,membesarkan
tanyang,tayang
ber2,berdua
ngelarang,melarang
kerreeen,keren
pantess,pantas
bngettt,banget
baperr,bawa perasaan
ht,hati
pemainy,pemainnya
aqu,aku
ngeliat,melihat
akn,akan
kbawa,terbawa
bradegan,beradegan
amiiinnnn,amin
nikahin,menikahi
hadeuh,aduh
nyambung,menyambung
liyat,lihat
sk,suka
adengan,adegan
bingit,banget
model2,model-model
sitayngin,ditayangkan
cocokkk,cocok
mahhhh,mah
cocokny,cocoknya
iniw,ini
setju,setuju
bnern,benaran
klian,kalian
cocokkkk,cocok
bngett,banget
abes,habis
br,baru
ihh,ih
beginiiii,begini
beliin,membelikan
kya,kaya
keq,kek
sygkuu,sayangku
ngeselin,mengesalkan
baju'a,bajunya
gara'',gara-gara
teruss,terus
pokok'a,pokoknya
ubur2,ubur-ubur
kuyy,yuk
bentarr,bentar
dureen,duren
ajibb,ajib
mahall,mahal
yukk,yuk
niiihh,nih
imuuttt,imut
imuttzz,imut
nha,nya
konten2,konten-konten
rasain,rasai
daaaah,deh
asliiii,asli
cantiknnnnyaaaaaaa,cantiknya
yuuk,yuk
ngelihatnya,melihatnya
na,nya
ibu2,ibu-ibu
lau,kau
cantikk,cantik
sexxi,seksi
bulet,bulat
ngocok,mengocok
gn,begini
yaahhh,ya
kencqng,kencang
kra,kira
diginikan,dibeginikan
"coret""",coret-coret
lahh,lah
gambarin,gambarkan
ngerii,ngeri
digambarin,digambarkan
klen,kalian
bangke,bangkai
kog,kok
liatnya,lihatnya
bedanyaaa,bedanya
mbk,mbak
pgin,ingin
krudungan,kerudungan
ajaa,saja
maksutku,maksudku
kerennnnn,keren
njirr,anjir
jd'y,jadinya
manisnyaaaa,manisnya
thun,tahun
mbg,mbak
bangeet,banget
ngaco,mengaco
ngomen,mengomentari
kaaakk,kak
tenggah,tengah
uuuuuaaaaaaaaaappppppppppiiiiiiiiiiiiiiiiiikkkkkkkkkkkkkkkk,apik
kocakkkkkkkkkkkkkk,kocak
ksukaanmuuu,kesukaanmu
bagiii,bagi
ayooo,ayo
nontonx,menontonnya
pi,tapi
penasarannnn,penasaran
gilakkkkkk,gila
mauuu,mau
nontoonnn,menonton
cepet2,cepat-cepat
kepingin,ingin
nontonnnn,menonton
deeek,dek
ntappp,mantap
deg2an,deg-degan
cyiiin,cinta
iyha,iya
kureeeen,keren
muantaap,mantap
ngantri,mengantri
nonton,menonton
sbnyak,sebanyak
penasaraaann,penasaran
ayoooo,ayo
nii,ini
nontonya,menontonnya
nunggu,menunggu
peen,ingin
gga,enggak
yaah,ya
asikkk,asik
ceritax,ceritanya
yoooiii,yoi
udahh,sudah
tauuuuu,tau
sabarrrrr,sabar
kqmu,kamu
banggain,banggakan
pengan,ingin
sendeng,senang
simpen,simpan
gakk,enggak
bagiin,bagikan
nanggepin,menanggapi
kapn,kapan
barang2,barang-barang
senengin,senangi
ampunnnn,ampun
senengg,senang
teruzzz,terus
mantabb,mantab
sumpahh,sumpah
diluarann,diluaran
trbaik,terbaik
dlam,dalam
anjirrrr,anjir
jendess,janda
sichh,sih
namnya,namanya
geh,gih
22nya,dua-duanya
aduuhhh,aduh
miripp,mirip
silauuu,silau
waww,wow
njiirr,anjir
kesinii,kesini
gemay,gemas
dstu,disitu
wiiiihhhh,wih
samoga,semoga
kereennn,keren
wahh,wah
nyangkaa,menyangka
hasilnyaaa,hasilnya
dahhhh,dah
mudah2,mudah-mudah
jugaakk,juga
diapa2in,diapa-apai
yaak,ya
lhoo,loh
donx,dong
gthu,begitu
maauuu,mau
pacarrr,pacar
idamann,idaman
naturalllll,natural
berntung,beruntung
merka,mereka
jln2,jalan-jalan
romntis,romantis
ulan,ulang
th,tahun
mngkin,mungkin
diksi,dikasih
sipp,sip
taun,tahun
jugak,juga
ngeluarin,mengeluarkan
keciill,kecil
ughaa,juga
"tante""",tante-tante
banged,banget
abeees,habis
kapan2,kapan-kapan
adain,mengadakan
bosen2,bosan-bosan
sempurnaaaaa,sempurna
kaan,kan
kece2,kece-kece
badaaiii,badai
beneraan,benaran
cantiiik,cantik
kuatttt,kuat
cantiiiiiiik,cantik
cantiknyaaa,cantiknya
bae2,baik-baik
mb,mbak
catiiiiik,cantik
subahanallah,subhanallah
jaman2nya,jaman-jamannya
padet,padat
buktiin,buktikan
cantiq,cantik
"pasien""nya",pasien-pasiennya
lohh,loh
keeeerrrreeeennnnnnnnn,keren
woow,wow
choker2,choker-choker
hadirrr,hadir
hadirr,hadir
jelashh,jelas
sekali2,sekali-kali
mbaaa,mbak
hidupppp,hidup
diliatnya,dilihatnya
abis2,habis-habis
para2,parah-parah
bangeeet,banget
allahhhhhhh,allah
gemesnya,gemasnya
ilang2,hilang-hilang
tbuh,tubuh
itungan,hitungan
ledekin,ledeki
tmn2,teman-teman
repot2,repot-repot
oles2,oles-oles
dptkan,dapatkan
artis2,artis-artis
kalii,kali
ninggiin,meninggikan
baget,banget
kira2,kira-kira
ahh,ah
pas2an,pas-pasan
balesin,membalas
sukaaa,suka
lutuna,lucunya
ciapa,siapa
gemesss,gemas
duhh,duh
terharuuu,terharu
alamii,alami
sampek,sampai
ckrng,sekarang
ngegemesin,menggemaskan
imoet,imut
imut2,imut-imut
jagain,jaga
yahbh,ya
macem2,macam-macam
neko2,neko-neko
sktika,seketika
lutu,lucu
wowwww,wow
massss,mas
kesiniii,kesini
"keren""",keren-keren
"jalan""nya",jalan-jalannya
masyaallahhh,masyaallah
kerennn,keren
ksni,kesini
begok,bego
jgk,juga
bawak,bawa
it,itu
pgi,pagi
keeeeeren,keren
baguusss,bagus
nahannnn,tahan
bagaatt,banget
gayannxa,gayanya
kereeeen,keren
ngekeh,kekeh
xlian,kalian
b3,bertiga
ihhh,ih
lcu,lucu
koplakkk,koplak
kerass,keras
yachhh,ya
ngelihat,melihat
ngelawak,melawak
iiihhhhh,ih
nyolotinnnn,menyolot
beratttttttt,berat
cantiikkkk,cantik
hijaabbb,hijab
sekalii,sekali
smnagatin,menyemangati
kanapa,kenapa
cans,cantik
banhet,banget
bgttttttt,banget
mngasi,mengasih
kmbang,kembang
nie,ini
pla,pula
blakon,berlakon
bngtzt,banget
lucukkkkk,lucu
sbelah,sebelah
baek,baik
ciusss,serius
palinf,paling
maak,mak
ngakaaaakkk,mengakak
gokill,gila
kocakkkkkk,kocak
ngekek,mengekek
capee,cape
pegangin,memegang
nyender,menyandar
manjain,memanjakan
peleotin,meleot
bng,bang
termurahhhh,termurah
nyatakan,menyatakan
graaatiiiis,gratis
meriahh,meriah
cantikkkm,cantik
parahh,parah
bingits,banget
yuppss,ya
nyindir,menyindir
onoh,sono
anakny,anaknya
staf2nya,staf-stafnya
begete,banget
aduhh,aduh
manteppp,mantap
hati2,hati-hati
jangan2,jangan-jangan
kata2nya,kata-katanya
ynk,sayang
"nangis""",menangis-nangis
"hati""",hati-hati
"jangan""",jangan-jangan
cr,cara
diemin,diamkan
hancurin,menghancurkan
ato,atau
diapain,diapakan
haragain,menghargai
jgn2,jangan-jangan
sbaiknya,sebaiknya
mngerti,mengerti
fakta2,fakta-fakta
nilai2,nilai-nilai
buka2,buka-buka
nyinyirin,nyinyir
nyerang,menyerang
trima,terima
ngomomg,mengomong
mang,memang
kbetulan,kebetulan
orgtuanya,orang tuanya
sbelum,sebelum
ngamatin,mengamati
ngintip,mengintip
ngintilin,mengintil
smnjak,semenjak
trbukti,terbukti
nyambet,menyambat
bo'ong,bohong
eloo,lo
apa2nya,apa-apanya
goblokkk,goblok
sesatt,sesat
ibliss,iblis
kbiasaan,kebiasaan
hdpnya,hidupnya
anknya,anaknya
sbuah,sebuah
anak2nya,anak-anaknya
tdnya,tadinya
ank2nya,anak-anaknya
branjak,beranjak
ank2,anak-anak
masyarakay,masyarakat
mudah2an,mudah-mudahan
menegerti,mengerti
apa2,apa-apa
sok2,sok-sok
nasehatin,menasihati
ngaca,mengaca
kakkkk,kak
slamet,selamat
ampe,sampai
nari,menari
ehh,eh
mf,maaf
ngcpin,mengucapkan
woowwww,wow
iaa,ya
kebagi,terbagi
nerusin,meneruskan
indo,indonesia
univ,universitas
wihh,wih
tetapppp,tetap
gantenggg,ganteng
jakety,jaketnya
skli,sekali
pala,kepala
pusingggg,pusing
pucing,pusing
ihhhh,ih
maho,manusia homo
gantng,ganteng
alak,kepala
hilangv,hilang
bungggg,bung
gapap,enggak apa-apa
pling,paling
gokiiill,gila
busedh,buset
gokilnya,gilanya
duluuu,dulu
keceee,kece
nyaa,nya
gilaa,gila
duuhhh,duh
amiiiiinnnnn,amin
tullus,tulus
pluk,peluk
durhaka2,durhaka-durhaka
kpada,kepada
"seburuk""",seburuk-buruk
ktaa,kita
tetaplaah,tetaplah
ajja,saja
dech,deh
oprasi,operasi
gya,gaya
kndung,kandung
ksenangan,kesenangan
ddpt,didapat
jwab,jawab
mmbodohkan,membodohkan
orlaen,orang lain
aplikasiin,mengaplikasikan
berangat,berangkat
praktekin,mempraktikkan
dahh,dah
omdo,omong doang
kate,kata
cabe2,cabe-cabe
prjuangan,perjuangan
kmewahan,kemewahan
stimpal,setimpal
ddpat,didapat
mnilai,menilai
kata2,kata-kata
usahh,usah
segala2nya,segala-galanya
sekarng,sekarang
sprti,seperti
hay,hai
bhagia,bahagia
korek2,korek-korek
ngebales,membalas
sihh,sih
sasama,sesama
dehh,deh
cabe2an,cabe-cabean
terong2an,terong-terongan
seklian,sekalian
tuuu,itu
ngurusan,mengurusi
campurin,mencampuri
emnknya,memangnya
py,punya
unyuu,unyu
mrangkul,merangkul
wlo,walau
lh,lah
manusiy,manusia
tx,tak
samara,sakinah mawadah rahman
teringt,teringat
trmsuk,termasuk
dn,dan
pilihnmu,pilihanmu
swmntara,sementara
trmasuk,termasuk
orang2,orang-orang
liht,lihat
suaminy,suaminya
jadulnya,jaman dulunya
mantaff,mantap
ngata2in,mengata-ngatai
bagaimna,bagaimana
mulusssss,mulus
kpleset,kepleset
yawlah,ya allah
kepeleset,kepleset
kayanye,kayanya
amiinnnn,amin
komen2an,komen-komenan
wewww,wow
dumsss,dong
tar,entar
perbaikin,memperbaiki
permasalhkan,permasalahkan
betul2,betul-betul
jauhin,jauhi
adiik,adik
manisss,manis
"besar""",besar-besar
"masing""",masing-masing
ddlm,di dalam
kmbali,kembali
dkuburnya,dikuburnya
fi,di
rata2,rata-rata
critamu,ceritamu
ja,saja
bres,beres
cmkn,camkan
diurusin,diurusi
biarin,biarkan
kale,kali
donks,dong
"membanding""",membanding-banding
mengperbolehkan,memperbolehkan
krena,karena
ngri,negeri
"dingin""",dingin-dingin
lma,lama
dibangga'in,dibangga-banggakan
ngebolehin,membolehkan
"jelek""in",menjelek-jelekkan
gausa,enggak usah
maksain,memaksakan
smog,semoga
mnerima,menerima
baikxa,baiknya
aaamin,amin
amienn,amien
sekangen2,sekangen-kangen
amiiiiiiiiiinnnnnnn,amin
nolongin,menolong
amiiiiiiiiiiin,amin
seluru,seluruh
amiennn,amien
tebir,ribet
doangam,doang
"tebir""",ribet-ribet
amad,amat
mkst,maksud
wong2,wong-wong
rempong,repot
ngurusin,mengurusi
kerjaan,pekerjaan
bingittzz,banget
bangets,banget
ikh,ih
dwh,deh
bante,bantai
la,lah
komenannya,komentarnya
hadapin,menghadapi
dengarin,mendengarkan
ush,usah
cock,cocok
widihh,waduh
mantepp,mantap
cita2,cita-cita
temen-temen,teman-teman
stu,satu
syratnya,syaratnya
pnjang,panjang
shat,sehat
inginkn,inginkan
belanjaa,belanja
burem,buram
dngan,dengan
kancang,kencang
mansyoallah,masyaallah
canttttikkk,cantik
subhanalloh,subhanallah
lkuin,lakukan
langgenh,langgeng
foto2nya,foto-fotonya
tanggung2,tanggung-tanggung
salluutt,salut
pdng,padang
warbiyasah,luar biasa
pk,pakai
keedaannya,keadaannya
lagu2,lagu-lagu
saya2,saya-saya
sekrng,sekarang
lagu2nya,lagu-lagunya
ttap,tetap
spertinya,sepertinya
mrah,marah
gra2,gara-gara
sngaja,sengaja
jlek,jelek
udah2,sudah-sudah
ungkit2,ungkit-ungkit
pura2,pura-pura
curhat2,curhat-curhat
matany,matanya
dteng,datang
mata'y,matanya
baju2,baju-baju
buruannn,buruan
perubut,perebut
sumai,suami
tk,tak
urusin,mengurusi
bagus2,bagus-bagus
say,sayang
mmbela,membela
mslhnya,masalahnya
sj,saja
llki,lelaki
dluar,diluar
sna,sana
boleh2,boleh-boleh
dya,dia
maluuuu,malu
beda2,beda-beda
nyaranin,menyarankan
x,kali
tongolin,menongol
cabol,cabul
ape,apa
nyet,monyet
muna,munafik
tot,entot
nihh,nih
hidiyah,hidayah
percya,percaya
bgi,bagi
sdri,sendiri
mgkin,mungkin
bhwa,bahwa
skaligus,sekaligus
cek2,cek-cek
spti,seperti
smakin,semakin
sbgai,sebagai
mgk,mungkin
sapa2,sapa-sapa
sama2,sama-sama
termurahhh,termurah
banyaaaaaak,banyak
baik2nya,baik-baiknya
tunjukan,tunjukkan
anak2mu,anak-anakmu
anak2,anak-anak
ngasih2,mengasih-ngasih
berfikir,berpikir
amit2,amit-amit
mba,mbak
elu,lu
ngajuin,mengajukan
tiba2,tiba-tiba
terbaeq,terbaik
namany,namanya
jels,jelas
diakibtkn,diakibatkan
suk,suka
jelek2,jelek-jelek
dsrny,dasarnya
jkrta,jakarta
mantaap,mantap
benar2,benar-benar
main2,main-main
lanjutkaaaaan,lanjutkan
hiduppp,hidup
ncek,encek
majuuu,maju
teruuss,terus
kdg2,kadang-kadang
looohh,loh
sebelumbya,sebelumnya
tunjukin,tunjukkan
"tahun""",tahun-tahun
koment,komentar
nyampein,menyampaikan
hokiii,hoki
naksir,menaksir
"bangt""",banget-banget
nafkahin,menafkahi
ngitem,menghitam
banyaaaak,banyak
"sama""",sama-sama
lhat,lihat
cantika,cantik
cwek,cewek
fillm,film
sinet,sinetron
jendral,jenderal
maenya,mainnya
cantiks,cantik
pilm,film
taon,tahun
nd,indak
jaaangan,jangan
terimaksih,terima kasih
inii,ini
kaannnn,kan
tidakkkk,tidak
kemuh,kamu
da,sudah
keren2,keren-keren
sby,surabaya
pinginnn,ingin
buanget,banget
ketemuuu,ketemu
mimpiii,mimpi
wanjerrr,anjir
satupunn,satupun
motret,memotret
lapakk,lapak
nyeniii,menyeni
seeh,sih
abis,habis
deuhh,duh
b2an,berduaan
dihargain,dihargai
"engga""",enggak-enggak
tahun2,tahun-tahun
lebayy,lebay
gilsss,gila
nganbek,mengambek
sukaa,suka
mendam,memendam
manta,mantan
relaaaa,rela
bgun,bangun
cntk,cantik
anugrah,anugerah
kliatan,kelihatan
awoohhh,allah
cantiikk,cantik
sbbyak,sebanyak
apun,apapun
nyangkutnya,menyangkutnya
ampunnnnn,ampun
hy,hai
wadaaw,waduh
paraah,parah
sampw,sampai
dijelekin,dijelekkan
azeeeek,asik
ntikk,cantik
uhh,uh
mayan,lumayan
mnisss,manis
tambahim,tambahkan
tambahin,tambahkan
"bener""",benar-benar
canttikkk,cantik
baanggeettt,banget
ap,apa
siiihh,sih
krpoooo,kepo
pengn,ingin
nyok,yuk
dekkk,dek
ngiri,mengiri
mmang,memang
nentuin,menentukan
mnjmput,menjemput
ygs,sayang
mblooo,jomblo
ber'expresi,berekspresi
jdulnya,judulnya
ciumman,ciuman
aurot,aurat
laginy,laginya
nyaaaaaaaaaaaaa,nya
alkhamdulilah,alhamdulillah
selaluu,selalu
anjirrr,anjir
ngeh,engah
amen,amin
qm,kamu
nahhh,nah
ngmngnya,mengomongnya
sampai2,sampai-sampai
hal2,hal-hal
komunitas2,komunitas-komunitas
fotony,fotonya
halllo,halo
ngiritya,mengiritnya
hematt,hemat
ciyeeee,cie
yeeee,ya
nget,banget
kususnya,khususnya
krm,kirim
sam,sama
ajaaahhhhh,saja
syediiihhh,sedih
malangg,malang
belooomm,belum
yaakk,ya
kebukti,terbukti
anak2e,anak-anaknya
tuwanya,tuanya
comen2nya,komen-komennya
pedesssss,pedas
jelas2,jelas-jelas
skg,sekarang
nyebut2,menyebut-nyebut
hellooooooo,halo
ngrebut,merebut
mnjdi,menjadi
taek,tahi
lupain,melupakan
bangkret,bangkrut
taekk,tahi
lahhhhhh,lah
kedokk,kedok
"mati""an",mati-matian
nyimak,menyimak
komenx,komennya
serem2,seram-seram
"ngumpet""",mengumpet-ngumpet
blim,belum
sekrang,sekarang
ngerebut,merebut
mnjijikaaaaaan,menjijikkan
astgfrlh,astagfirullah
sahabatt,sahabat
gnyngka,enggak menyangka
sendirir,sendiri
brengsekk,brengsek
ngomentnya,mengomentarinya
nusuk,menusuk
dpotong,dipotong
ngmgin,mengomongkan
bilangg,bilang
gkhianati,mengkhianati
sp,siapa
pljaran,pelajaran
mngikuti,mengikuti
klkuan,kelakuan
dibikin2,dibikin-bikin
gimana,bagaimana
nnt,nanti
cew,cewek
cow,cowok
kasiannn,kasihan
syekaliii,sekali
hgga,hingga
cieeeee,cie
sholihah,salihah
adeuh,aduh
halahh,alah
luu,lu
yuuks,yuk
yoo,ayo
ginian,beginian
judulnyaa,judulnya
ayoookkkkkk,ayo
artix,artinya
lt,lantai
"nama""",nama-nama
kepoin,mengepoi
keluarin,mengeluarkan
mbak2,mbak-mbak
komentnya,komentarnya
omongin,mengomongkan
ngalirrrrr,mengalir
nmbah,bertambah
terossss,terus
ngehujat,menghujat
dosaa,dosa
ngebela,membela
seindonesiyah,seindonesia
seh,sih
senyumin,senyumi
mh,mah
ngalir,mengalir
ngrusak,merusak
px,punya
kslhn,kesalahan
skrngnya,sekarangnya
kalik,kali
bilangin,bilang
nyambungin,menyambung
scra,secara
nggali,menggali
cmpur,campur
kurng,kurang
nangiiiiis,menangis
nangiiis,menangis
ngomentarin,mengomentari
idupnya,hidupnya
ortunya,orang tuanya
woey,woy
bloghhh,goblok
"abal""",abal-abal
dikata2in,dikata-katai
ngehina,menghina
kebanggan,kebanggaan
mnjawab,menjawab
woooiiiiiiii,woy
dosaaaaaaaaaa,dosa
karmaaa,karma
woooiiiii,woy
ngkkkkkk,mengakak
makny,maknya
wdooohhh,waduh
kasihn,kasihan
lhirr,lahir
hujatann,hujatan
palgi,apalagi
wihhh,wih
kakakkk,kakak
bagusss,bagus
jt,juta
ngets,banget
stp,setiap
penbelian,pembelian
cuaantik,cantik
sukakkk,suka
m,sama
cucokkk,cocok
lyt,lihat
expresi,ekspresi
natap,menatap
ccok,cocok
helloo,halo
dripada,daripada
difotoin,difoto
psangan,pasangan
cakepp,cakep
ngiriii,mengiri
coxok,cocok
nihhh,nih
statusx,statusnya
cem,macam
yee,ya
sunggu,sungguh
lagiii,lagi
ammiiin,amin
haddeh,aduh
maaasss,mas
segerrrr,segar
kemn,kemana
suipit,sipit
sipiit,sipit
kedengeran,kedengaran
semangaatt,semangat
promil,program hamil
lancr,lancar
keputihn,keputihan
gratisss,gratis
kebayang,terbayang
"mdh""",mudah-mudah
bz,bisa
amiinn,amin
ammin,amin
mendapatkn,mendapatkan
lucuuuk,lucu
amaattt,amat
yaoloh,yaallah
ngerayain,merayakan
sotoy,sok tau
yok,yuk
d.bikinin,dibikin
mmz,mas
bikinin,bikin
bapeeeer,bawa perasaan
keliatannya,kelihatannya
siih,sih
diginiin,dibeginikan
hadeehh,aduh
pu,punya
suamiiiii,suami
krenn,keren
kebykan,kebanyakan
tingal,tinggal
pernikahn,pernikahan
ngtain,mengatai
macem,macam
bagusnyeee,bagusnya
hmpir,hampir
liatnyaaa,lihatnya
waw,wow
mbuh,embuh
waaa,wah
berbiiiiiihhh,barbie
canteek,cantik
teru,terus
nyatok,mencatok
nyampenya,sampainya
goncengin,boncengkan
kasi,kasih
dianterin,diantar
gebleg,geblek
anterin,antar
ngantar,mengantar
nerima,menerima
yeuh,ya
dianter,diantar
disupirin,disopiri
jidad,jidat
ciee,cie
novembr,november
bedain,membedakan
genduut,gendut
ehhh,eh
bertatto,bertato
brrt,berarti
kana,kanan
doong,dong
sblah,sebelah
tauuu,tau
tengaj,tengah
ps,pas
engk,enggak
apal,hapal
dak,indak
rupa2nya,rupa-rupanya
kembaq,kembar
tngh,tengah
mknya,makanya
prmpuan,perempuan
ketuker,tertukar
drimnanya,darimananya
cntikan,cantikan
edaaaan,edan
bcnda,bercanda
uhhh,uh
bazengg,bajingan
haiii,hai
bosaan,bosan
gitu2,begitu-gitu
kmana2,kemana-mana
hrsnya,harusnya
komentar2,komentar-komentar
kenyataan2,kenyataan-kenyataan
silahkan,silakan
sukur2,sukur-sukur
baek2,baik-baik
berbeda2,berbeda-beda
dibkatakan,dikatakan
doonk,dong
pengikuy,pengikut
ngmngin,mengomongkan
sblmnya,sebelumnya
maksd,maksud
adkah,adakah
menbelah,membelah
mngira,mengira
bertolernsi,bertoleransi
slahkan,salahkan
tolernsi,toleransi
sbnarnya,sebenarnya
ingi,ingin
oalaaaa,walah
menjelekan,menjelekkan
hadeuuh,aduh
dikemanain,dikemanakan
aneh2,aneh-aneh
bpknya,bapaknya
baca2,baca-baca
komen2,komen-komen
sebelum2nya,sebelum-sebelumnya
sbagai,sebagai
sedihh,sedih
kangennnn,kangen
gndakan,gandakan
kangeeeeeeeenya,kangen
gaa,enggak
ganti'kn,menggantikan
tnang,tenang
amiiiiiiiiiiiiiiiiin,amin
kgeeeen,kangen
kangeenn,kangen
bangeeeet,banget
mti,mati
bngetttt,banget
kangeen,kangen
bgect,banget
"kebaikan""y",kebaikannya
dssi,disisi
kngenn,kangen
kangeeeeennn,kangen
lagii,lagi
dasyat,dahsyat
skalii,sekali
gg,enggak
dtinggl,ditinggal
terbaiiikkkkk,terbaik
murahhh,murah
pecahhg,pecah
kakakgh,kakak
terbaeeeek,terbaik
prempuan,perempuan
manteep,mantap
nggeh,engah
indonesiaaa,indonesia
inia,ini
maluu,malu
cobaaaa,coba
dehhh,deh
cepetan,cepatan
ntapsss,mantap
kamiiii,kami
qmu,kamu
sdkit2,sedikit-sedikit
tntg,tentang
penyakitny,penyakitnya
ngajarin,mengajari
laenny,lainnya
amiinnn,amin
scpatny,secepatnya
sampein,sampaikan
tuany,tuanya
doa2,doa-doa
pjg,panjang
adeeek,adek
bca,baca
netes,menetes
mataq,mataku
byangin,membayangkan
dposisi,diposisi
tanda2nya,tanda-tandanya
dijwb,dijawab
tmn2nya,teman-temannya
sayy,sayang
salaam,salam
fto2,foto-foto
dallam,dalam
tentanh,tentang
nangiss,menangis
kejadianny,kejadiannya
klg,keluarga
sayaang,sayang
msg2,masing-masing
pgnnya,pengennya
meluk,memeluk
siiihhh,sih
mupeng,muka pengin
caya,percaya
aduhhhhhhhhh,aduh
buseett,buset
mblo,jomblo
lucuuu,lucu
gagahx,gagahnya
miriiiip,mirip
kaliiii,kali
niru,meniru
bpkmu,bapakmu
sangt,sangat
baang,bang
gasih,enggak sih
yuu,yuk
yuuu,yuk
samaa,sama
ngademin,mengademkan
aahh,ah
looo,loh
yokk,yuk
gils,gila
ono,sono
weeeh,wih
suksea,sukses
temenan,berteman
sehh,sih
deket,dekat
dekt,dekat
genggg,geng
yawloh,ya allah
bhnya,bahannya
loo,loh
samaaaa,sama
abanggku,abangku
sayanggg,sayang
ciieeeeeee,cie
kokohh,engkoh
takuttt,takut
yuks,yuk
pnjual,penjual
yh,ya
dung,dong
latian,latihan
aaaaaaakkk,ah
mauuuu,mau
soga,moga
tteh,teteh
sintron,sinetron
astagaa,astaga
ancurrr,hancur
dblkang,dibelakang
yayang,sayang
gokillllll,gila
aplks,aplikasi
ska,suka
ktawa,ketawa
baguuus,bagus
kaaan,kan
ngepoin,mengepoi
uuhh,uh
beut,banget
njirrr,anjir
pengeeenn,ingin
dongggg,dong
hatii,hati
besook,besok
mauu,mau
gtuu,begitu
njayyy,anjay
tokayyy,tahi
to,tapi
mksdku,maksudku
cba,coba
nh,nih
"ilang""",hilang-hilang
giniin,beginikan
ksini,kesini
kubarikan,kuberikan
ayank,sayang
anyeng,anjing
yankkk,sayang
cukurrr,cukur
gilaaaaaa,gila
yhaaa,ya
qaqaaaa,kakak
sayangkuuuuu,sayangku
kakakuuu,kakakku
banx,bang
edannn,edan
bape,bawa perasaan
"artis""",artis-artis
ngelahirin,melahirkan
paksain,memaksa
biasaa,biasa
hub,hubungi
hubunggi,hubungi
loooh,loh
telimakacih,terima kasih
nerawang,menerawang
cantiiiik,cantik
didapet,didapat
tanya2,tanya-tanya
pede,percaya diri
kuningggg,kuning
nyolot,menyolot
elahh,alah
bela2in,membela-bela
marah2an,marah-marahan
wlaupun,walaupun
syantiiiiikkkkkkkkkkkk,cantik
"bwa""",bawa-bawa
agma,agama
hijabb,hijab
kerrennn,keren
pan,kapan
mateeeek,mati
geetoo,begitu
sewain,menyewa
kokkk,kok
muluuu,melulu
yaaang,yang
iyaa,iya
gituu,begitu
yappp,ya
uwahhhhh,wah
bnr2,benar-benar
psgn,pasangan
ujg,ujung
rmbut,rambut
smp,sampai
kki,kaki
hayukk,hayo
ntab,mantab
atuhhh,atuh
yukss,yuk
lihaatttt,lihat
niiiihh,nih
liattt,lihat
cuyyy,cuy
liatiii,lihat
jombsss,jomblo
emesshhh,gemas
gemeessss,gemas
poollll,pol
gemesyak,gemas ya
bngttt,banget
ngegmesin,menggemaskan
hndak,hendak
hndk,hendak
iiih,ih
lutunaa,lucunya
abiz,habis
gemes,gemas
ngareppppp,mengharap
aamiinin,amin
imuutt,imut
abizzz,habis
tay,tahi
toketnya,teteknya
tumpe2,tumpah-tumpah
lenje,lenjeh
tuuuuh,tuh
cantinya,cantiknya
macam2,macam-macam
"mbak""",mbak-mbak
ngatain,mengatai
mbaknyaahh,mbaknya
pyudara,payudara
ditutupin,ditutupi
ngomongnya,mengomongnya
sich,sih
cantiik2,cantik-cantik
hati.a,hatinya
mk.a,makanya
mlt.a,mulutnya
nyerocooooos,mencerocos
kyk.a,kayaknya
srng,sering
ngilang,menghilang
dikatain,dikatai
maluuu,malu
ngalahin,mengalahkan
brisi,berisi
pkoknya,pokoknya
canti,cantik
astagfirullh,astagfirullah
nutupin,menutupi
ori,orisinal
kakakaaaaaaaaaaaaaa,kakak
cantikkkkkkkk,cantik
batwc,banget
kamyuhhh,kamu
dbwh,dibawah
bukti2,bukti-bukti
senenggg,senang
mao,mau
murhan,murahan
prwtn,perawatan
wjh,wajah
bgettt,banget
mereka2,mereka-mereka
pakke,pakai
ktergantungan,ketergantungan
prwatn,perawatan
ngebuktiin,membuktikan
hslnya,hasilnya
awal2,awal-awal
setabil,stabil
maksih,terima kasih
gratiss,gratis
bbrpa,beberapa
"gara""",gara-gara
"benar""",benar-benar
ajaibb,ajaib
setujuuu,setuju
digituin,dibegitukan
sekolahin,sekolahkan
ajarin,ajarkan
sendirii,sendiri
mrnghadapi,menghadapi
apalg,apalagi
naka,nakal
sdkt,sedikit
besar2in,besar-besarkan
bgmana,bagaimana
s*inetr*n,sinetron
mrusak,merusak
mndpt,mendapat
sebnyak,sebanyak
terburu2,terburu-buru
baik2,baik-baik
ngumpat2,mengumpat-ngumpat
nantangin,menantang
ngegampar,menggampar
ngelaporin,melaporkan
salahin,salahkan
konsekwensi,konsekuensi
muliany,mulianya
mungki,mungkin
t4,tempat
bacahalah,bacalah
dikerasin,dikerasi
gkkan,enggak akan
ngulangin,mengulangi
bedaa,beda
pnyaa,punya
bol3h,boleh
ngadu,mengadu
ketauan,ketahuan
dimarahin,dimarahi
nyelesain,menyelesaikan
troma,trauma
kerasin,kerasi
kamu2,kamu-kamu
cewer,jewer
bilanh,bilang
jwban,jawaban
nuduh,menuduh
ngatur,mengatur
rajin2,rajin-rajin
bacaaaa,baca
kekk,kayak
jungkiir,jungkir
gunaa,guna
bales2in,balas-membalas
orangg,orang
tauuuu,tau
byak,banyak
kepad,kepada
bantuanny,bantuannya
ttinggi,tinggi
perna,pernah
grgr,gara-gara
jari2,jari-jari
pukulin,pukuli
bengkak2,bengkak-bengkak
komentarin,komentari
bijak2,bijak-bijak
lama2,lama-lama
menurur,menurut
tipe2,tipe-tipe
diliat,dilihat
liatlah,lihatlah
teguran2,teguran-teguran
klas,kelas
grunya,gurunya
pndah,pindah
liat2,lihat-lihat
masukin,memasukkan
dilindungin,dilindungi
kasiaannn,kasihan
miring2,miring-miring
tinggalin,tinggalkan
kaitannha,kaitannya
sud,sudah
rana,ranah
bhkn,bahkan
justeru,justru
ngatai,mengatai
kln,kalian
sukak,suka
termuraaahhhh,termurah
brkunjun,berkunjung
suarranya,suaranya
"bner""",benar-benar
iu,itu
bgussss,bagus
ambilin,mengambil
biasaaaa,biasa
luuuaar,luar
redho,ridho
rezki,rezeki
kepd,kepada
luaarrr,luar
biasaaa,biasa
jadilh,jadilah
terhaaru,terharu
orrunya,orang tuanya
flm,film
kalok,kalo
adek2,adek-adek
loncatt,loncat
hampasss,hempas
tehh,teh
bunga2,bunga-bunga
apaaan,apaan
ampuuunn,ampun
daaah,dah
bangetttttt,banget
ituh,itu
cantiiikk,cantik
suaranyaaaaaa,suaranya
idoolaaa,idola
pulaa,pula
penyanyi2,penyanyi-penyanyi
wiih,wih
apaa,apa
miriip,mirip
allaahh,allah
ajahhh,saja
dehat,sehat
salammmm,salam
hari2,hari-hari
buruann,buruan
rekomendain,rekomendasikan
trussss,terus
bangt,banget
prawatan,perawatan
mkin,makin
dimao,dimau
silahkn,silakan
kasiatnya,khasiatnya
"minyak""an",minyak-minyakan
suksess,sukses
prodak,produk
trasa,terasa
minpi,mimpi
bner2,benar-benar
mutihin,memutihkan
smster,semester
ucull,lucu
"ngomong""",ngomong-ngomong
udehh,sudah
syngnya,sayangnya
dipermainin,dipermainkan
kocakkk,kocak
dasarrr,dasar
waaaaw,wow
cannnnntikkkkkkk,cantik
mukax,mukanya
cantikx,cantiknya
fatanik,fanatik
protestin,protestan
kakau,kalau
marh,marah
emngnya,memangnya
cantiknyaa,cantiknya
darpada,daripada
cooooooocok,cocok
pkk,pakai
sling,saling
agama'ny,agamanya
bilng,bilang
prcy,percaya
lurusin,meluruskan
biri,biru
luco,lucu
ultha,ultah
batikk,batik
arab2,arab-arab
baguss,bagus
sedihhh,sedih
syang,sayang
naaaak,nak
astafirullah,astagfirullah
peragain,peragakan
shayyy,say
anjaayy,anjay
shay,say
ngilerrrr,mengiler
woyyy,woy
shaaaay,say
hempaass,hempas
sayyy,say
shayy,say
syantiek,cantik
njay,anjay
hehh,eh
cantik2,cantik-cantik
kam,kamu
ingeet,ingat
nawarin,menawari
amiiiiin,amin
jauhhh,jauh
waaahhh,wah
ajakin,mengajak
mntn,mantan
ade,adek
luhhh,lu
yooookkk,yuk
jrnk,jarang
"jelas""",jelas-jelas
kayax,kayak
anjirr,anjir
mirippp,mirip
sangattt,sangat
mayann,lumayan
autuhh,tau tuh
atutt,takut
ketara,tertara
giniii,begini
mbaaass,mbak
bund,bunda
bangeeettt,banget
almh,almarhumah
temenkuuh,temanku
suami'y,suaminya
bngeeeetttt,banget
entr,entar
kyax,kayak
cuantikkk,cantik
kaaaaaaaaaakkkkkkkkkkk,kak
kucing'y,kucingnya
nama'in,namai
panggilan'ya,panggilannya
panggilan'y,panggilannya
z,saja
kalw,kalau
tips2,tips-tips
alu,aku
ngerrrriiii,ngeri
ngriii,mengiri
amatt,amat
kox,kok
cntikk,cantik
pkee,pakai
smkin,semakin
amiiiiinnn,amin
bgmna,bagaimana
ssorg,seseorang
hdpn,hadapan
foto2,foto-foto
mnambh,menambah
ktaatan,ketaatan
stju,setuju
cantikkkkkk,cantik
dilepas2,dilepas-lepas
tehhh,teh
istiqomahhh,istikamah
tehhhh,teh
prodaknya,produknya
imutt,imut
amu,kamu
nahh,nah
mauuuuuuu,mau
jilbb,jilbab
ndut,gendut
ngecek,mengecek
penasarn,penasaran
cuyy,cuy
astauviruloh,astagfirullah
paaak,pak
diajarin,diajari
gawl,gaul
kecr,kece
iih,ih
laaaah,lah
aned,banget
gingsungny,gingsulnya
cariin,carikan
cuanti,cantik
mbanya,mbaknya
knlan,kenalan
mbaakk,mbak
mrka,mereka
nyusahhin,menyusahkan
byaran,bayaran
wlawpun,walaupun
sedangkn,sedangkan
bnggain,banggakan
nyusahin,menyusahkan
malu2in,malu-malui
dibanggain,dibanggakan
wlau,walau
komenan,komentar
"bangga""in",membangga-banggakan
krya,karya
"bilang""",bilang-bilang
tinggall,tinggal
dripda,daripada
bangga2in,membangga-banggakan
dibnggain,dibanggakan
karya2,karya-karya
drimana,darimana
ngepake',memakai
gksalah,enggak salah
nuntut,menuntut
ngebiarin,membiarkan
bhas,bahas
lagu'y,lagunya
nyampah,menyampah
"mba""",mbak-mbak
bukan'a,bukannya
tappi,tapi
kalli,kali
pacara,pacaran
"ngerebut""",merebut-rebut
lluu,lu
mbaa,mbak
ngerussak,merusak
"bela""in",membela-bela
bellain,membela
kallo,kalo
coment,komen
dewassa,dewasa
comnet,komen
"pikir""",pikir-pikir
kaya'a,kayanya
kuyyy,yuk
kitaa,kita
sgtu'y,sebegitunya
ngebelain,membela
tpii,tapi
"karya""",karya-karya
do,di
cali,caci
penghrgaan,penghargaan
ajjh,saja
lbihh,lebih
baikk,baik
drii,dari
"artist""",artis-artis
"maki""",maki-maki
sendirinnya,sendirinya
stidaknya,setidaknya
may,mau
trbaikk,terbaik
punn,pun
mengikutii,mengikuti
atassan,atasan
klauu,kalau
jngnn,jangan
so,sok
sendirinyya,sendirinya
frestasiii,prestasi
mst,mesti
add,ada
see,sih
sibukx,sibuknya
in,ini
katanyaa,katanya
lawaaaas,lawas
kocaaaak,kocak
adenya,adeknya
pkoknyaa,pokoknya
dsana,disana
dua2nya,dua-duanya
sichhhhhhhhhh,sih
nampak,menampak
tetehh,teteh
wooowww,wow
cobain,coba
muga,moga
kenalin,mengenalkan
janka,jangka
wawwwww,wow
waaaww,wow
waaawwww,wow
mantapp,mantap
cobaaa,coba
kageet,kaget
bangettttttt,banget
oplas,operasi plastik
nambahh,bertambah
paripurnahh,paripurna
wanitah,wanita
indonesiaah,indonesia
cumn,cuman
gegra,gegara
brita,berita
fotbar,foto bareng
wajarrr,wajar
wk,waktu
bingiittt,banget
nampar,menampar
tukan,tukang
"muka""",muka-muka
cantik2nya,cantik-cantiknya
"apa""",apa-apa
mancungin,memancungkan
idung,hidung
kusem,kusam
drpada,daripada
kmar,kamar
diemm,diam
tnggu,tunggu
ketawain,mentertawakan
yaelahhh,alah
"sikap""",sikap-sikap
ampuun,ampun
ngejatuhin,manjatuhkan
ngelakuin,melakukan
gedeg,gedek
muka2,muka-muka
eey,eh
kslahan,kesalahan
perhatiam,perhatian
dibiarin,dibiarkan
trjd,terjadi
mkir,memikir
apalai,apalagi
bkal,bakal
saat2,saat-saat
nyadar,menyadari
bka,buka
berani2,berani-berani
lucuuuuu,lucu
pipi'y,pipinya
gemmeeezzz,gemas
sukam,suka
menghilangkn,menghilangkan
mnjdkan,menjadikan
mudah2n,mudah-mudahan
soalx,soalnya
keche,kece
badaii,badai
btuh,butuh
ktanya,katanya
bebrp,beberapa
sblum,sebelum
santab,santap
salehah,salihah
subhannallah,subhanallah
konsul,konsultasi
pengalam,pengalaman
poko,pokok
trun,turun
kuninggg,kuning
pinkkkk,pink
warnany,warnanya
seger,segar
senangat,semangat
msknya,masaknya
kerennnn,keren
ciptain,ciptakan
bagussss,bagus
sayangkuh,sayangku
gans,ganteng
kren,keren
babget,banget
dihh,dih
jadu,jadi
ksyngn,kesayangan
haru,harus
narik,menarik
"orang""",orang-orang
gokilll,gila
astagaaaa,astaga
hancuuuuuy,hancur
mattihhh,mati
beudd,banget
termiribkan,termiripkan
wenakk,enak
nganteng,ganteng
abanggg,abang
seksii,seksi
gtuh,begitu
jadii,jadi
emeezzz,gemas
amohhh,kamu
maau,mau
eyke,aku
gilakkkkk,gila
awk,awak
duhhhhh,duh
wowww,wow
liaatt,lihat
iniiiii,ini
aloh,allah
ngettt,banget
maso,masa
brubah,berubah
pelastik,plastik
keak,kayak
dengerin,dengarkan
pahamin,pahami
takuuuuut,takut
ahahahanjirrr,anjir
jogetin,berjoget
shaay,say
boker,berak
pacarnyaa,pacarnya
siapaa,siapa
matii,mati
ketawaa,ketawa
wanjiir,anjir
minta,meminta
bnran,benaran
sgla,segala
uitnya,duitnya
beliiin,belikan
yaaah,ya
sekaeang,sekarang
tgk,tengok
tanyain,tanyakan
jatuhnyaa,jatuhnya
tipu2nya,tipu-tipunya
doaang,doang
kaj,kak
wahhhhhh,wah
iiiiiiiii,ih
kaliiiiiii,kali
melebihin,melebihi
gakpapa,enggak apa-apa
kalogak,kalo enggak
sm2,sama-sama
ndukung,mendukung
kaaaaa,kak
aamiinnn,amin
skluarga,sekeluarga
suaminga,suaminya
berhijap,berhijab
smgaa,semoga
istiqamah,istikamah
cuaaantikk,cantik
muraaaaah,murah
baraang,barang
aamiiin,amin
bets,banget
alhamdulillaaaaah,alhamdulillah
pengrusak,perusak
ngoceh,mengoceh
aduhhh,aduh
hpus,hapus
pjang,pajang
bdampingan,berdampingan
kaga,kagak
uih,uh
"serem""",seram-seram
"happi""",hepi-hepi
bgtuu,begitu
mff,maaf
ktwa,ketawa
jjur,jujur
semogaa,semoga
kepelesett,terpeleset
geeelaakk,gila
bolang,bocah petualang
pkek,pakai
lagihh,lagi
hedeuuhh,aduh
stress,stres
saltummmm,salah kostum
mboizzz,bois
suda,sudah
kayaq,kayak
ema,emak
dirumahny,dirumahnya
yuh,tuh
apus,hapus
siapayahh,siapa ya
kostom,kostum
gnii,begini
atuu,satu
pipinyaaa,pipinya
bungkuuuuuuuuusss,bungkus
iiiihhhhhj,ih
emeessss,gemas
pipine,pipinya
glembeeeer,gelambir
lucunaaa,lucunya
cubanget,lucu banget
pengenn,ingin
unyuuk,unyu
dedek,adek
lucunyah,lucunya
mantaaap,mantap
keduaa,kedua
seterong,setrong
teyuss,terus
dimasukin,dimasuki
jelekin,menjelekkan
jahatin,menjahati
qo,kok
nulis,menulis
nyebutin,menyebutkan
ngertiin,mengerti
rasaiin,rasai
gakusah,enggak usah
disni,disini
sabarrr,sabar
semangaatttt,semangat
nyalahin,menyalahkan
bedainnya,membedakannya
krus,kurus
elaaaahhhh,alah
cogan,cowok ganteng
tap8,tapi
pandanginya,memandanginya
kenaliiin,kenalkan
banyak2,banyak-banyak
yo,ya
suko,suka
niih,nih
sihhhh,sih
"sebaik""",sebaik-baik
segtu,sebegitu
ngebenci,membenci
bakar2in,bakar-bakari
padhe,pakde
yya,ya
dosa2mu,dosa-dosamu
maafin,memaafi
ujung2,ujung-ujung
dalem2,dalam-dalam
bahas2,bahas-bahas
woles,selow
hianatin,khianati
halangin,halangi
iyuh,ih
iyuuuhhhh,ih
gaje,enggak jelas
gabakal,enggak bakal
adapin,menghadapi
ngehakimi,menghakimi
ngejuangin,memperjuangkan
dipojokin,dipojokkan
bacotin,bacoti
berati,berarti
kebangetak,kebangetan
tangkep,tangkap
bt,buat
sadis2,sadis-sadis
maksir,menaksir
hebatt,hebat
pndang,pandang
pmbelajaran,pembelajaran
ngejelek,menjelekkan
maslah,masalah
mmperbaiki,memperbaiki
kafeh,kafe
remang2,remang-remang
mlh,malah
tinggl,tinggal
iyuuhhh,ih
ktika,ketika
dipuja2,dipuja-puja
ityl,itil
marah2,marah-marah
wenak,enak
ngarang,mengarang
kelas'a,kelasnya
hadeeehhh,aduh
"kecil""",kecil-kecil
"gtu""an",begitu-gituan
gmanapun,bagaimanapun
kr,kira
nenek2,nenek-nenek
taux,taunya
urat2nya,urat-uratnya
ketarik,tertarik
ngorbanin,mengorbankan
eksprsi,ekspresi
gitulah,begitulah
"foto""",foto-foto
mamas,mas
tua2,tua-tua
terus2an,terus-terusan
waduhh,waduh
"bawa""",bawa-bawa
badingkan,membandingkan
lanjutin,lanjutkan
ributin,meributkan
brantem,berantem
belain,membela
lipetan,lipatan
"nenek""",nenek-nenek
bneraan,benaran
kageeet,kaget
sangaaattt,sangat
rmbuut,rambut
nt,nanti
walik,balik
oma2,oma-oma
kellen,kalian
nyerocos,mencerocos
ibuk2,ibu-ibu
ngomenin,mengomentari
iseng2,iseng-iseng
niyyyyhhhh,nih
sexi2,seksi-seksi
ladenin,meladeni
hat,hati
jilbabnye,jilbabnya
ledkin,meledeki
digabtikan,digantikan
ngumung,mengomong
ilang-in,hilangkan
prinadi,pribadi
luh,lu
yep,ya
helooooo,halo
palingann,palingan
berjinah,berzina
munaafikk,munafik
urusn,urusan
saudra,saudara
trganggu,terganggu
bhijab,berhijab
lepasin,melepas
smentara,sementara
waduhhh,waduh
ursan,urusan
sudab,sudah
dwsa,dewasa
rpt2,repot-repot
ngaji,mengaji
romantiz,romantis
murmer,murah meriah
pensaran,penasaran
baru2,baru-baru
yuukk,yuk
kitaaa,kita
lainnyaa,lainnya
perbulannn,perbulan
penyebab2,penyebab-penyebab
nyupir,menyopir
steess,stres
kwatir,kawatir
tengah2,tengah-tengah
duetin,duet
mudaa,muda
silsturahmi,silaturahmi
dijkt,dijakarta
cums,cuma
undangan2,undangan-undangan
past,pasti
ayukk,yuk
ngucapin,mengucapkan
filmny,filmnya
nobar,menonton bareng
kemariin,kemarin
knpp,kenapa
lggi,lagi
gaprgi,enggak pergi
aaahh,ah
pa2,apa-apa
dtunggu,ditunggu
masa2,masa-masa
kepikir,terpikir
seruuu,seru
emeshh,gemas
kaya,kayak
astagaaaaaa,astaga
pacarn,pacaran
ktg,kita
pacaranya,pacarannya
mbaak,mbak
ngalah,mengalah
pacarane,pacarannya
rusakkk,rusak
yaaampunnn,ya ampun
tuwek,tua
mukae,mukanya
ultahe,ultahnya
kliatanya,kelihatannya
pcaranya,pacarannya
bermaksut,bermaksud
tampialannya,tampilannya
nikaah,nikah
"anak""",anak-anak
pankapan,kapan-kapan
ngumbar,mengumbar
dhpusin,dihapuskan
istiqomah,istikamah
mnutup,menutup
bngatt,banget
dii,di
ooh,oh
hapusin,hapuskan
lohhh,loh
ngeuh,engah
sneng,senang
mutusin,memutuskan
ngapus,menghapus
awl,awal
bngkit,bangkit
mncoba,mencoba
wahhh,wah
mutuain,memutuskan
smw,semua
geuliiiiiiis,geulis
euyyyyy,euy
uuh,uh
ngirim,mengirim
waah,wah
sampis,sampah habis
maapin,maaf
ngebala,bala
mampuussss,mampus
diihhhh,dih
hrusnya,harusnya
sabal,sabar
udahlah,sudahlah
kauuuu,kau
sabaro,sabar
eehhh,eh
iiii,ih
kreative,kreatif
bangrt,banget
azekkkk,asik
kuaaatt,kuat
bhet,banget
inggrisny,inggrisnya
dsna,disana
iyaap,iya
nga,enggak
canyk,cantik
prodac,produk
nyesell,menyesal
ciyusss,serius
cyin,cinta
bangetttttttt,banget
sexi,seksi
bundaaaa,bunda
bangget,banget
bettt,banget
cantiiillx,cantik
alaami,alami
sabaarrr,sabar
cantiiiikk,cantik
bangeeeeetttt,banget
cannntikk,cantik
banggett,banget
thnan,tahunan
cuantik,cantik
segerr,segar
wouww,wow
cantiiikkk,cantik
pen,ingin
catokin,catok
ikut2an,ikut-ikutan
comment2nya,komentar-komentarnya
teman2,teman-teman
besar2an,besar-besaran
knsul,konsultasi
brhasil,berhasil
hilangin,menghilangkan
kontak2,kontak-kontak
dptnya,dapatnya
applikasi,aplikasi
kereeeeen,keren
bngeet,banget
gemesinnnnn,menggemaskan
ongkiir,ongkir
ajaibbbbb,ajaib
saayyyyy,say
lohhhh,loh
ganteung,ganteng
bhgia,bahagia
iiiiiiiiii,ih
lucuukk,lucu
keciil,kecil
yakinn,yakin
pentass,pentas
lucu2,lucu-lucu
testinya,testimoninya
mengirusi,mengurusi
khdpn,kehidupan
ngelawan,melawan
betuuuuulllllllllllllllll,betul
bisax,bisanya
klmbutan,kelembutan
seburuk2,seburuk-buruk
diingetin,diingatkan
ngeriiiiii,ngeri
akhlah,akhlak
elo2,lo-lo
mandiin,memandikan
nguburin,menguburkan
ngebedain,membedakan
urusanny,urusannya
tuhanny,tuhannya
brtngkar,bertengkar
pndapat,pendapat
looh,loh
sharusnya,seharusnya
mngkannya,mangkanya
nyia2in,menyia-nyiakan
mndpat,mendapat
kpuasan,kepuasan
sgampang,segampang
mlepaskan,melepaskan
trll,terlalu
sndr,sendiri
sellow,selow
sbbrnya,sebenarnya
kasar2,kasar-kasar
semangattt,semangat
testi,testimoni
banyaak,banyak
bujukk,bujuk
d.apa,diapa
apain,apai
dsar,dasar
benetaran,benaran
kraya,karya
ngebantu,membantu
janjutin,lanjutkan
kepppoin,kepoi
recommendasi,rekomendasi
btulan,betulan
kha,kah
s,si
tutupin,menutupi
wik,wig
ithu,itu
botakin,botaki
botakkkk,botak
week,wig
gawul,gaul
modes,modis
brayyy,bray
kcantikan,kecantikan
bronis,brondong manis
bkln,bakalan
kecantikanga,kecantikannya
hiii,hai
piiiilih,pilih
deeh,deh
zama,zaman
nmnya,namanya
tapo,tapi
gkk,enggak
petinggi2,petinggi-petinggi
wota2,wota-wota
indefendet,independen
tempat2,tempat-tempat
taik,tahi
yuuuukkk,yuk
dituutup,ditutup
ngayal,mengkhayal
smvk,sempak
knyataan,kenyataan
njrittt,anjir
selmt,selamat
taz,atas
klhran,kelahiran
pertma,pertama
kelahuran,kelahiran
pertamany,pertamanya
mamax,mamanya
ankx,anaknya
cantip,cantik
klahiran,kelahiran
slmat,selamat
mmbanggakan,membanggakan
ortuny,orang tuanya
selmat,selamat
bnda,bunda
nyah,nya
prtamax,pertamanya
moqa,moga
yq,yang
brbakti,berbakti
gewlaaaaa,gila
basodaraa,bersaudara
hargs,harga
perhatiin,perhatikan
abal2,abal-abal
bantuim,bantu
adl,adalah
pelwak,pelawak
suces,sukses
sucses,sukses
garemin,garami
ngiringan,mengiringi
karir.a,karirnya
aamin,amin
teruz,terus
kemarn,kemarin
recomendasinya,rekomendasinya
promoo,promo
ongkirr,ongkir
mskasih,terima kasih
wowwwww,wow
seeeemua,semua
batesin,batasi
bijin,bikin
ngeidealin,mengidealkan
gasalah,enggak salah
brsma,bersama
le,boleh
ugha,juga
semuaaa,semua
heeee,hai
yam,ya
kartunin,kartun
abez,habis
baaaaaang,bang
ganteeeeng,ganteng
entahhh,entah
gimanaaaa,bagaimana
duuhh,duh
gantengnyaaaa,gantengnya
kpn2,kapan-kapan
pans,fan
kuliyh,kuliah
gantengkuuuuuu,gantengku
atassss,atas
orgny,orangnya
owalaah,walah
aslinyo,aslinya
alissnyaa,alisnya
masaaaa,masa
komuk,muka
kalahnye,kalahnya
iyaaaa,iya
fakultass,fakultas
smrg,semarang
unyu2,unyu-unyu
yyaaa,ya
insonniaaa,insomnia
adekx,adeknya
azaab,azab
gksi,enggak sih
greged,greget
alamiii,alami
ditayangin,ditayangkan
"ms""",masa-masa
meranin,memerankan
nontonny,menontonnya
rekomendasiiin,merekomendasikan
sista2,sista-sista
agan2,agan-agan
ngg,enggak
nanget,banget
ngeditnya,mengeditnya
himana,bagaimana
kekgini,kayak begini
subhanaallahh,subhanallah
sangat2,sangat-sangat
terharuuuu,terharu
"kata""",kata-kata
subhanallahhh,subhanallah
tlsn,tulisan
nagiss,menangis
aneut,banget
trrharu,terharu
subhnallah,subhanallah
allahh,allah
suamiii,suami
dcintai,dicintai
klrga,keluarga
liat'y,lihatnya
lggeng,langgeng
romantisny,romatisnya
duhhh,duh
pcar,pacar
kakanga,kakaknya
slw,selow
cpa,siapa
akuu,aku
aelah,alah
orabg,orang
mukanyaa,mukanya
kakakny,kakaknya
woooyy,woy
ngelucu,melucu
bukak,buka
mato,mata
kareno,karena
cino,cina
munafikk,munafik
meker,mikir
indoneaia,indonesia
benarin,membenarkan
jaadii,jadi
nyo,nya
miara,memiara
jalanani,menjalani
dalil2,dalil-dalil
sunah2,sunah-sunah
benda2,benda-benda
bilang2,bilang-bilang
rumpiin,rumpi
hotak,botak
ikut2,ikut-ikut
jawabanny,jawabannya
mikir2,memikir-mikir
melihara,memelihara
oooh,oh
hidupx,hidupnya
ngefans,fan
uztad,ustad
anjingnyaa,anjingnya
pegang2,pegang-pegang
ilmh,ilmu
menasehati,menasihati
suka2,suka-suka
kelus,kali
hubngan,hubungan
koclak,kocak
cinggirnyaaaa,cinggirnya
yahhhh,ya
miripppp,mirip
sedikitlaahh,sedikitlah
miriplahhhhhh,miriplah
syediih,sedih
mirp,mirip
baju.a,bajunya
wiiiihhhhhhhhh,wih
gantheng,ganteng
synk,sayang
ngfans,fan
miriiippp,mirip
idungnya,hidungnya
wooow,wow
panglingg,pangling
artisnyaa,artisnya
dtggu,ditunggu
bgtttttttt,banget
rapih,rapi
buuun,bun
iyaappps,iya
sukse,sukses
nih2,nih-nih
baruu,baru
kecptan,kecepatan
rmbutnya,rambutnya
giti,begitu
penganten,pengantin
wrn,warna
ne,ini
cantikkkkk,cantik
fans,fan
loksyut,lokasi syuting
amfun,ampun
k',kak
asuuu,asu
kuu,ku
dibls,dibalas
ceklist,ceklis
terusss,terus
tlvn,telepon
trkrim,terkirim
kelaluan,kelakuan
guanteng,ganteng
cucok,cocok
c,sih
gueee,gue
semangatt,semangat
haduh,aduh
mlz,malas
emak2,emak-emak
tante2,tante-tante
kepoh,kepo
jalanin,menjalani
repong,repot
ngrusin,mengurusi
dnk,dong
senyumna,senyumnya
ngejelek2in,menjelek-jelekkan
hotx,hotnya
cwnya,ceweknya
mbaaahhh,mbah
pasangn,pasangan
sttus,status
aama,sama
hadeuuhhhh,aduh
lebar2,lebar-lebar
sstu,sesuatu
serasiii,serasi
cocokx,cocoknya
emakx,emaknya
iniiiiiiiiiiiiiii,ini
cocookk,cocok
kll,kalo
arghhh,ah
ungkapin,ungkapkan
merrid,merit
neh,nih
cocokkkkk,cocok
yaolohh,ya allah
aee,saja
naggung,menanggung
battt,banget
am,sama
tah,teh
luthuna,lucunya
astagaaa,astaga
suaraynyaa,suaranya
duanyaa,duanya
anjayyyy,anjay
coeggg,coeg
koplak,kocak
uaaasssiiiik,asik
boss,bos
nyubit,mencubit
dede,adek
gemez,gemas
tium,cium
gemeeezzzz,gemas
ppa,papa
papahhhnya,papahnya
duuuhh,duh
ginting,ganteng
bingiiittzz,banget
iiihh,ih
dedeknya,adeknya
hadeeuh,aduh
geneeee,begini
yooow,ya
gemezz,gemas
gayax,gayanya
infpyunnnn,ampun
paraaah,parah
papiii,papi
kamunyaa,kamunya
haduuuh,aduh
kapaan,kapan
nginjek,menginjak
putihnyaa,putihnya
ituuuu,itu
omaaaaaaakk,oma
loncattt,loncat
didatengin,didatangi
abg,abang
kmariiin,kemarin
ayoklaa,ayolah
jelasssss,jelas
kaliiin,kalian
ujunggg,ujung
kaakaaaa,kakak
srruu,seru
kannn,kan
jmpaaaa,jumpa
yukkk,yuk
haii,hai
syukaaakkk,suka
dengeeriin,dengarkan
yakaliiiii,yakali
atuhh,atuh
ngertii,mengerti
apalgi,apalagi
akuh,aku
mesrany,mesranya
jendes,janda
ngggk,enggak
coccokk,cocok
msa,masa
jendesss,janda
klepek2,klepek-klepek
bngtttt,banget
ponakn,ponakan
tantee,tante
gadiss,gadis
tpy,tapi
jnda,janda
bngy,banget
bujngn,bujangan
ngp,mengapa
padetan,padatan
bawa2,bawa-bawa
pcaran,pacaran
or,orang
tdak,tidak
prcuma,percuma
langgengggg,langgeng
sekaliiiii,sekali
anehhh,aneh
hayal,khayal
bapeerr,bawa perasaan
keinget,teringat
merekak,mereka
kreeenn,keren
abisss,habis
kocaaaakkk,kocak
abiiiss,habis
pass,pas
personill,personil
lengkapp,lengkap
ampuuun,ampun
iiihhhh,ih
flim.a,filmnya
trusan.a,terusannya
tdung,tudung
gangguin,mengganggu
lgkah2,langkah-langkah
taw,tau
cntiiikkk,cantik
tegaar,tegar
sktlrang,sekarang
kangeeeennnnn,kangen
sjk,sejak
tambh,tambah
nangiis,menangis
nyaaaaaaaaa,nya
bundaa,bunda
duuhhhhh,duh
malsudnya,maksudnya
lluuccuu,lucu
siappa,siapa
martabakk,martabak
skali2,sekali-kali
kueren2,keren-keren
abgnya,abangnya
warkop,warung kopi
hayuu,hayo
kenapaa,kenapa
ilang2an,hilang-hilangan
ayooook,ayo
astagaaaaaaaa,astaga
inihhh,ini
oom,om
mansetan,bermanset
cadasss,cadas
kereeeeennn,keren
"temen""",teman-teman
telefisi,televisi
nikmatin,menikmati
mantappp,mantap
mbahh,mbah
giitu,begitu
mtanya,matanya
cpit,sipit
dee,dek
sumvahh,sumpah
tamvann,tampan
guaaaaaaa,gua
capa,sapa
ngakakkk,mengakak
liaat,lihat
gantweng,ganteng
anjjjjjjjj,anjing
gakwad,enggak kuat
seru2,seru-seru
iniii,ini
favoriteeee,favorit
adaa,ada
dinyanyiin,dinyanyikan
seruu,seru
nyengir,menyengir
temennya,temannya
klk,kelak
brjdh,berjodoh
akhrt,akhirat
kangennnnn,kangen
kanggen,kangen
kangennnnnnn,kangen
ysh,ya
sypa,siapa
nangisss,menangis
brjodoh,berjodoh
kaliann,kalian
barengg,bareng
kpnpun,kapanpun
mendj,menjadi
allahhhh,allah
merindinggg,merinding
amiennnn,amien
iihh,ih
lhir,lahir
menjdi,menjadi
debay,adek bayi
bangeer,banget
lafazd,lafaz
pmbyran,pembayaran
plsa,pulsa
"dimana""",dimana-mana
sokk,sok
ngambekan,ambekan
sma2,sama-sama
ngom,mengomong
toloollll,tolol
bodhooo,bodoh
peliharaaaa,pelihara
makanyaa,makanya
"ati""",hati-hati
kemakan,termakan
bodhoo,bodoh
siihhh,sih
andaaa,anda
buktinyaaa,buktinya
smuaaa,semua
ngambeknya,mengambeknya
kebongkar,terbongkar
tapii,tapi
kasiian,kasihan
diladenin,diladeni
comen,komen
ngtif,negatif
comntr,komentar
kaliannn,kalian
brdiri,berdiri
mulutny,mulutnya
msalah,masalah
trserh,terserah
waduuuuh,waduh
ngedukung,mendukung
dihpus,dihapus
mrekaa,mereka
cakeeeeppp,cakep
benerr,benar
"brg""",bareng-bareng
baanget,banget
anjaaaayyyyyy,anjay
ngetsz,banget
utkmu,untukmu
anj,anjing
merekaa,mereka
kann,kan
dieee,dia
yaahh,ya
hijap,hijab
ternodain,ternodai
ngeri2,ngeri-ngeri
kt2,kata-kata
agk,agak
slhkan,salahkan
jilbabny,jilbabnya
perilakuny,perilakunya
ketaatanny,ketaatannya
kepda,kepada
pedulilaaaah,pedulilah
terjrumus,terjerumus
stuju,setuju
sbb,sebab
igtlah,ingatlah
dtgkan,datangkan
benahin,membenahi
ohhhh,oh
yapp,ya
jauhh,jauh
bingitt,banget
buka2an,buka-bukaan
ngembali,kembali
semngat,semangat
lekong,laki
kacauuuu,kacau
ngimpi,mimpi
ngerampas,merampas
ngehancurin,menghancurkan
ngungkit2,mengungkit-ungkit
kaleee,kali
caranga,caranya
usa,usah
dipikirin,dipikirkan
nunduk,menunduk
tembemmm,tembem
lucuuuuuuuuuu,lucu
bundaaa,bunda
nyubitt,mencubit
jls2,jelas-jelas
supeer,super
inni,ini
appa,apa
hayooo,hayo
adyem,adem
mitnah,memfitnah
cantiknyaaaaa,cantiknya
tmbm,tembam
cantix,cantik
kriput,keriput
jelex,jelek
"laku""",laku-laku
"orang""nya",orang-orangnya
mancing2,memancing-mancing
eeeeh,eh
kpancing,terpancing
lakuin,melakukan
cri,cari
sbenernya,sebenarnya
mikirinnn,memikirkan
"diam""",diam-diam
mengalahkn,mengalahkan
nyindirin,menyindir
nee,ini
klakuan,kelakuan
mksdx,maksudnya
shabat,sahabat
brbuat,berbuat
mmberi,memberi
nm,nama
sbhabat,sahabat
pnjerumus,penjerumus
tman,teman
shbat,sahabat
melakukn,melakukan
seorg,seorang
berkluarga,berkeluarga
siapa2,siapa-siapa
ketipu,tertipu
"laki""",laki-laki
mengait2kan,mengait-ngaitkan
nyir2,nyinyir
gosipin,menggosipkan
sendri,sendiri
duuuhhh,duh
nmbk,menembak
gakkk,enggak
abiiiiisssss,habis
tikung2,tikung-tikung
cwok,cowok
bangedd,banget
wuastagah,astaga
bedaaa,beda
jaoooh,jauh
mateeeeeeeeeeee,mati
parsis,persis
sumpeh,sumpah
iyh,iya
kmana,kemana
cantiqs,cantik
kecik,kecil
trlihat,terlihat
mmberikan,memberikan
khidupan,kehidupan
srpti,seperti
dinamakn,dinamakan
sgtu,sebegitu
paati,pasti
kutuu,kutu
setelur2nya,setelur-telurnya
khadiran,kehadiran
kel,keluarga
srta,serta
kcil,kecil
kberkahn,keberkahan
kbahagiaan,kebahagiaan
tntram,tentram
brsama,bersama
hngga,hingga
brpndapat,berpendapat
trutama,terutama
hiraukn,hiraukan
diamkn,diamkan
brsyukur,bersyukur
mmberikn,memberikan
rasakn,rasakan
cari2,cari-cari
kesalahanny,kesalahannya
kekuranganny,kekurangannya
seandainy,seandainya
perasaanny,perasaannya
diindonesis,diindonesia
liyatnya,lihatnya
kayahhh,kaya
ala2,ala-ala
yook,yuk
yoookkkk,yuk
siihh,sih
elus2,elus-elus
asliiiii,asli
aduuhhhh,aduh
padahl,padahal
kejahatn,kejahatan
slam,salam
ngelewati,melewati
ngerendahin,merendahkan
apaalahh,apalah
menyebut2,menyebut-nyebut
kiya,kita
miriiiiip,mirip
dirimuuu,dirimu
yoiiu,yoi
semuanyaaaa,semuanya
suka.a,sukanya
jdii,jadi
blnja,belanja
brangnya,barangnya
ada2,ada-ada
nimpuk,menimpuk
abiss,habis
prlu,perlu
coyyy,coy
suaranyaa,suaranya
jnagn,jangan
kcwa,kecewa
jaman2,jaman-jaman
sok2an,sok-sokan
dket2in,dekat-dekati
cobak,coba
britanya,beritanya
tau2,tau-tau
mahh,mah
jamam,jaman
paraa,para
seharusny,seharusnya
dasaar,dasar
bergunaa,berguna
mulutnyaaa,mulutnya
kcewa,kecewa
mnusuk,menusuk
blkang,belakang
nembak,menembak
trmanis,termanis
kaciiaann,kasihan
nyela,mencela
ngejilat,menjilat
hallooo,halo
deketin,dekati
tayik,tahi
halooo,halo
ustzah,ustazah
halow,halo
poooolllll,pol
tahannn,tahan
aduuh,aduh
nyimpen,menyimpan
ngarsipin,mengarsipkan
gituuuuu,begitu
kyy,kaya
kngn,kangen
kq,kok
rinduuuuuuu,rindu
b2,berdua
kangeeeennn,kangen
mg,moga
aamiiiiinnn,amin
gemezzzz,gemas
kangennnnnn,kangen
prh,parah
bakattt,bakat
napsuu,napsu
gmau,enggak mau
luccu,lucu
lahirr,lahir
setujuuuu,setuju
sering2,sering-sering
ceemen,cemen
"sembunyi""""",sembunyi-sembunyi
skrnh,sekarang
cerdiik,cerdik
jeniuss,jenius
kurangin,kurangi
kreen,keren
s'lalu,selalu
mauuuuuu,mau
mintk,minta
nyolong,mencolong
slaluuuuu,selalu
kanggggg,kang
rezeqinya,rezekinya
pintr,pintar
dekk,dek
kura2,kura-kura
edaaann,edan
nempel,menempel
hatiiii,hati
sukkaa,suka
luuuucuuu,lucu
caantiiik,cantik
luucuuu,lucu
putihh,putih
"terus""an",terus-terusan
siiih,sih
ternyataa,ternyata
pollll,pol
sekaliiii,sekali
peduliin,mempedulikan
komntr,komentar
smngat,semangat
dosax,dosanya
pahalax,pahalanya
akhirt,akhirat
tinggalkn,tinggalkan
rumh,rumah
trhtung,terhitung
naaaa,nya
ademmm,adem
cerdass,cerdas
tambahh,tambah
polll,pol
mantapppppp,mantap
ngerespon,merespons
dulurrr,dulur
brusaha,berusaha
lebh,lebih
amin2,amin-amin
positippp,positif
jauuhhh,jauh
brhjb,berhijab
mdh2n,mudah-mudahan
slmnya,salamnya
jlbb,jilbab
dempga,semoga
selmnya,selamanya
tth,teteh
otot2,otot-otot
lengkeeett,lengket
caaannnttiikkk,cantik
trusss,terus
ademm,adem
apalagiii,apalagi
passs,pas
beginii,begini
satuu,satu
cuantek,cantik
akuuuur,akur
iniehh,ini
sayangx,sayangnya
jodohx,jodohnya
kaliaan,kalian
haslnya,hasilnya
kencng,kencang
pmbantu,pembantu
kmbl,kembali
cuchook,cocok
kloop,klop
sempurnaa,sempurna
klihatan,kelihatan
cintax,cintanya
pnuh,penuh
ngrti,mengerti
"mudah""an",mudah-mudahan
"segala""ny",segala-galanya
mantanny,mantannya
jodohny,jodohnya
cantk,cantik
ituuu,itu
kaasian,kasihan
padhl,padahal
"ank""",anak-anak
pkrin,pikirkan
anakx,anaknya
sia2kan,sia-siakan
naaahhh,nah
beluumm,belum
sayangggq,sayangku
kreean,keren
ciiieee,cie
cieee,cie
cieeee,cie
berenanh,berenang
pacarr,pacar
bingitss,banget
besokkk,besok
annnnjjjjjjrrrr,anjir
ngumbar2,mengumbar-umbar
romantiss,romantis
cocook,cocok
lucuuuuuuuu,lucu
kaaaaaann,kan
nyaaaaaaa,nya
yaang,yang
bangedt,banget
gde,gede
lutunaaa,lucunya
bikinnn,bikin
keee,ke
bungkuuussss,bungkus
lucux,lucunya
buanyaaak,banyak
aaamiiinnn,amin
aaamiiin,amin
abgnyaah,abangnya
mungkiin,mungkin
akuhh,aku
manteb,mantap
hiduupppp,hidup
tebel,tebal
nganggepin,menanggapi
"mentang""",mentang-mentang
najiss,najis
perjabatt,pejabat
makany,makanya
benneeeeeerr,benar
krjaan,pekerjaan
kdang,kadang
knan,kanan
anak'y,anaknya
trknal,terkenal
"gtu""",begitu-gitu
klok,kalo
aamiiiinnnnn,amin
pengennnn,ingin
guw,gue
siiiiiiippppppppp,sip
selaloe,selalu
donggg,dong
beruntungnyaaaa,beruntungnya
soal'y,soalnya
prhatian,perhatian
hebaat,hebat
ampunn,ampun
gueeeee,gue
liatt,lihat
gehh,gih
ankknyaaa,anaknya
centilnyaaaaaa,centilnya
gemesshzzzzhzzhzhzhsjssjs,gemas
ngacaaa,mengaca
diaaa,dia
jirr,anjir
kayaa,kaya
cempreeng,cempreng
centillll,centil
pcran,pacaran
anedh,banget
ampyunnnn,ampun
boro2,boro-boro
nyta,nyata
kampungn,kampungan
j,saja
mnghina,menghina
ngolokin,mengolok
"syirik""",syirik-syirik
than,tahan
dsr,dasar
siriik,sirik
mampuuu,mampu
aduuhh,aduh
cemburuu,cemburu
bingitzzzz,banget
tlog,tolong
apasihhh,apasih
sirikk,sirik
dbnding,dibanding
nrka,neraka
s3ndiri,sendiri
bhgiain,membahagiakan
kdua,kedua
prcya,percaya
bhagaia,bahagia
cuco,cocok
genittt,genit
kx,kak
mlikk,milik
"mentah""",mentah-mentah
canci,cantik
aneed,banget
gimanaa,bagaimana
lainnn,lain
pentingg,penting
bagaimanaaa,bagaimana
krudung,kerudung
enakkkkk,enak
poool,pol
jirrrr,anjir
oprasiya,operasinya
uwee,gue
pilihannny,pilihannya
itumahh,itumah
muuuu,mu
uuhhh,uh
berbakiti,berbakti
alhamd,alhamdulillah
slmttt,selamat
ucapin,mengucapkan
tetp,tetap
ditengah2,ditengah-tengah
semuanyaa,semuanya
semuannyaaa,semuanya
aminn2,amin-amin
abs,habis
kebnyak'an,kebanyakan
melahirin,melahirkan
aduuuh,aduh
cakeep,cakep
lhooo,loh
kamuuuu,kamu
bagi2,bagi-bagi
gimn,bagaimana
smogaaa,semoga
aamien,amien
lngsing,langsing
wowoooww,wow
smulla,semula
pdhall,padahal
blln,bulan
senang2,senang-senang
jh,saja
kereeennnn,keren
gilakkk,gila
gtu2,begitu-gitu
gataunya,enggak taunya
gtau,enggak tau
fans2,fan-fan
gaharus,enggak harus
haloo,halo
ajg,anjing
mmantab,mantap
bgo,bego
goblk,goblok
anjg,anjing
ngabarin,mengabarkan
subuh2,subuh-subuh
gbsa,ga bisa
ajay,anjay
wuiiihh,wih
gaes,guys
pertanyaanny,pertanyaannya
biat,buat
ctk,cantik
gosah,gak usah
mbakyu,mbak ayu
ditelp,ditelpon
gub,gubernur
kndisi,kondisi
mnganalisa,menganalisa
lebar,lebar-lebar
trkait,terkait
dilaporkn,dilaporkan
trkena,terkenal
sbgi,sebagai
ust,ustadz
erempuan,perempuan
wooy,woy
pleh,oleh
bertahun2,bertahun-tahun
ancur2an,hancur-hancuran
tahunx,tahunnya
berpa,berapa
btw,by the way
paksin,vaksin
trmkash,terima kasih
rese,resek
yesss,yes
dadi,jadi
ora,tidak
ngapusi,bohong
wong,orang
kudu,harus
guyu,ketawa
n,dan
siaaap,siap
yaaaaa,ya
kmanusiaan,kemanusiaan
tf,transfer
jangaaan,jangan
bantuin,membantu
embel2,embel-embel
tks,terima kasih
anjimmm,anjing
sialannn,sialan
coookkk,jancuk
trf,transfer
gabisaa,tidak bisa
gbisa,tidak bisa
hadehh,aduh
cepeet,cepat
benerin,perbaiki
adaaa,ada
ket,keterangan
dahhhhhhhhh,deh
hadahhhhhhhh,aduh
diangakt,diangkat
baryw,sabar ya
bryaw,sabar ya
bryw,sabar ya
bkap,ayah
bkp,ayah
bokaps,ayah
bokapz,ayah
bte,bosan
bozen,bosan
bozn,bosan
bzn,bosan
bzen,bosan
iz,iya
iza,iya
izza,iya
nyokap,ibu
nykap,ibu
nykaps,ibu
nykapz,ibu
nykp,ibu
yaaa,ya
7an,tujuan
@,di
ababil,abg labil
acc,accord
adlah,adalah
adoh,aduh
afaik,as far as i know
aha,tertawa
ahaha,haha
aing,saya
ajep-ajep,dunia gemerlap
aka,dikenal juga sebagai
akika,aku
akko,aku
akkoh,aku
akku,aku
akuwh,aku
akyu,aku
alay,norak
aljasa,asal jadi saja
alow,halo
ambl,ambil
anjir,anjing
anjrit,anjing
anter,antar
ap2,apa-apa
apaan,apa
apasih,apa sih
apes,sial
aplot,unggah
aps,apa
apva,apa
aquwh,aku
asap,sesegera mungkin
asbun,asal bunyi
aseek,asyik
aseekk,asyik
asekk,asyik
aseknya,asyiknya
asem,asam
asoy,asyik
aspal,asli tetapi palsu
astrojim,astagfirullahaladzim
astul,asal tulis
ath,kalau begitu
atuh,kalau begitu
au ah,tidak mau tahu
ava,avatar
awak,saya
aws,awas
ay,sayang
ayok,ayo
b4,sebelum
bacot,banyak bicara
bandes,bantuan desa
bangdes,pembangunan desa
bangedh,banget
bangkotan,tua
banpol,bantuan polisi
banpres,bantuan presiden
banpur,bantuan tempur
bansarkas,bantuan sarana kesehatan
basbang,basi
bazis,"badan amal, zakat, infak, dan sedekah"
bcanda,bercanda
bcoz,karena
beb,sayang
begajulan,nakal
bejibun,banyak
bencong,banci
bentar,sebentar
ber3,bertiga
berdikari,berdiri di atas kaki sendiri
beresin,membereskan
beti,beda tipis
bhubu,tidur
bijimane,bagaimana
bimbuluh,bimbingan dan penyuluhan
bintal,bimbingan mental
bisi,kalau-kalau
bknnya,bukannya
blegug,bodoh
bnchi,benci
bnci,benci
bngung,bingung
bodor,lucu
bohay,badan aduhai
bokep,video porno
bokin,pacar
bokis,bohong
boljug,boleh juga
bolot,bodoh
bonek,bocah nekat
bonyok,ayah ibu
boyeh,boleh
brb,segera kembali
bro,saudara laki-laki
brur,saudara laki-laki
bsen,bosan
bu_bu,tidur
buaya,tidak setia
bubarin,bubarkan
bubbu,tidur
buber,buka bersama
bubu,tidur
bujubune,luar biasa
bumil,ibu hamil
buser,buru sergap
bwhn,bawahan
byar,bayar
byrin,bayarkan
c8,chat
cadas,keren
caem,cakep
calo,makelar
cama-cama,sama-sama
can,belum
cangcut,celana dalam
capcus,pergi
caper,cari perhatian
caur,jelek
ce,cewek
cekak,tidak ada uang
cekal,cegah tangkal
cekidot,coba lihat
cemen,penakut
cemplungin,cemplungkan
cengengesan,tertawa
ceper,pendek
ceu,kakak perempuan
chuyunk,sayang
cibuk,sibuk
cimeng,ganja
cin,cinta
cipika cipiki,cium pipi kanan cium pipi kiri
ciye,cie
ciyh,sih
ckck,ck
ckepp,cakep
clbk,cinta lama bersemi kembali
cmiiw,correct me if i'm wrong
cmpr,campur
cnenk,senang
cong,banci
congor,mulut
conlok,cinta lokasi
cowwyy,maaf
coz,karena
cp,siapa
ngeri,seram
cppa,siapa
cppe,capek
cuek,tidak acuh
cuex,cuek
cumi,Cuma miscall
cungkring,kurus tinggi
cups,culun
cupu,culun
curanmor,pencurian kendaraan bermotor
curas,pencurian dengan kekerasan
curcol,curahan hati colongan
curhat,curahan hati
cz,karena
dagh,sudah
damang,sehat
dek,adik
deyh,deh
diancurin,dihancurkan
digosipin,digosipkan
dimaafin,dimaafkan
dimana2,dimana-mana
dimintak,diminta
dimna,dimana
disono,di sana
diuber,dikejar
dkit,sedikit
dkk,dan kawan-kawan
dodol,bodoh
doi,dia
doku,uang
don juan,playboy
dongs,dong
drmana,darimana
dugem,dunia gemerlap
duh,aduh
duit,uang
duren,durian
ed,edisi
edan,gila
egp,emang gue pikirin
eike,aku
eke,aku
emte,makan teman
endak,tidak
envy,iri
etc,et cetera
ex,mantan
ext,extension
fax,facsimile
fifo,first in first out
finek,finansial ekonomi
folbek,follow back
fwd,diterukan
fyi,sebagai informasi
gahar,sangar
gak papa,tidak apa-apa
gan,juragan
gaptek,gagap teknologi
gatek,gagap teknologi
gatot,gagal total
gax,tidak
gebetan,orang yang disuka
geer,gede rasa
geje,tidak jelas
gelo,gila
gepeng,gelandangan dan pengemis
ghiey,lagi
giman,gigi mancung
gino,gigi nongol
gitchu,gitu
githu,gitu
gj,tidak jelas
goblog,goblok
goblok,bodoh
good,bagus
golput,golongan putih
gombal,suka merayu
gowes,mengayuh sepeda
gpl,tidak pakai lama
gr,gede rasa
gretong,gratis
gretongan,gratisan
guoblok,goblok
guys,teman-teman
ha,tertawa
haghaghag,tertawa
haha,tertawa
hakhak,tertawa
hallow,halo
handak,bahan peledak
hankam,pertahanan dan keamanan
hansip,pertahanan sipil
hehe,he
hellow,halo
helow,halo
hey,hai
hi,hai
hlng,hilang
hoax,isu bohong
houm,rumah
hubad,hubungan angkatan darat
hubdar,perhubungan darat
hubla,perhubungan laut
huff,mengeluh
huft,mengeluh
hum,rumah
humas,hubungan masyarakat
idk,saya tidak tahu
ilfeel,tidak suka
ilfil,tidak suka
imba,jago sekali
imho,in my humble opinion
imoetz,imut
info,informasi
itung,hitung
isengin,bercanda
iyala,iya lah
iye,iya
iyo,iya
jablay,jarang dibelai
jadul,jaman dulu
jaim,jaga image
jancuk,anjing
jayus,tidak lucu
jdikan,jadikan
jgnkan,jangankan
jijay,jijik
jir,anjing
jnj,janji
jomblo,tidak punya pacar
jth,jatuh
jubir,juru bicara
jurdil,jujur adil
jutek,galak
kab,kabupaten
kabag,kepala bagian
kabor,kabur
kacrut,kacau
kadit,kepala direktorat
kadiv,kepala divisi
kampret,sialan
kamtib,keamanan dan ketertiban
kamtibmas,keamanan dan ketertiban masyarakat
kamuh,kamu
kamuwh,kamu
kamyu,kamu
kanwil,kantor wilayah
kapt,kapten
kasat,kepala satuan
kasubbag,kepala subbagian
kasubbid,kepala subbidang
katrok,kampungan
kbar,kabar
kcian,kasihan
kdu,harus
keburu,terlanjur
kec,kecamatan
kedubes,kedutaan besar
kejurnas,kejuaraan nasional
kekeuh,keras kepala
keneh,masih
kepikiran,terpikirkan
kepsek,kepala sekolah
kere,tidak punya uang
kesbang,kesatuan bangsa
kesra,kesejahteraan rakyat
ketrima,diterima
keukeuh,keras kepala
kgiatan,kegiatan
kibul,bohong
kibus,kaki busuk
kimpoi,kawin
klianz,kalian
kloter,kelompok terbang
klwrga,keluarga
kmari,kemari
kmpus,kampus
knal,kenal
kodya,kota madya
komdis,komisi disiplin
kompi,komputer
komsov,komunis sovyet
komtiong,komunis Tiongkok
kongkow,kumpul bareng teman-teman
konjen,konsulat jenderal
kopdar,kopi darat
korup,korupsi
kptsan,keputusan
krenz,keren
krik,garing
ktauan,ketahuan
kuper,kurang pergaulan
laka,kecelakaan
lambreta,lambat
lamp,lampiran
lansia,lanjut usia
lanud,landasan udara
lapas,lembaga pemasyarakatan
latgab,latihan gabungan
lbur,libur
lebay,berlebihan
lelet,lambat
lemot,lambat berfikir
linmas,perlindungan masyarakat
litbang,penelitian dan pengembangan
lmyan,lumayan
loch,loh
lol,tertawa
lola,lambat berfikir
louph,cinta
loupz,cinta
lowh,kamu
luber,"langsung, umum, bebas, dan rahasia"
luchuw,lucu
luff,cinta
luph,cinta
lwn,lawan
maaciw,terima kasih
mabal,bolos
mabes,markas besar
macem-macem,macam-macam
macih,masih
madesu,masa depan suram
maem,makan
magabut,makan gaji buta
mahatma,maju sehat bersama
mak,ibu
mak jang,kaget
malah,bahkan
mam,makan
mamz,makan
manies,manis
maniez,manis
markus,makelar kasus
melu,ikut
mending,lebih baik
mepet,dekat sekali
mgu,minggu
mhn,mohon
migas,minyak dan gas bumi
miker,minuman keras
mikol,minuman beralkohol
milis,mailing list
miras,minuman keras
mngkn,mungkin
moge,motor gede
mokad,mati
mokat,mati
moso,masa
mpe,sampai
mskpn,meskipun
msng2,masing-masing
mt,makan teman
muahal,mahal
mubes,musyawarah besar
muker,musyawarah kerja
mumet,pusing
mumpung,selagi
munas,musyawarah nasional
munaslub,musyawarah nasional luar biasa
muntaber,muntah dan berak
musda,musyawarah daerah
muupz,maaf
muuv,maaf
nal,kenal
nanam,menanam
naon,apa
napi,narapidana
napol,narapidana politik
napza,"narkotika, alkohol, psikotropika, dan zat adiktif"
narkoba,"narkotika, psikotropika, dan obat terlarang"
narsis,bangga pada diri sendiri
ndiri,sendiri
nekolim,neokolonialisme
nekolin,neokolonialisme
nelfon,menelepon
ngabis2in,menghabiskan
ngabuburit,menunggu berbuka puasa
ngampus,pergi ke kampus
nganggur,tidak punya pekerjaan
ngapah,kenapa
ngaret,terlambat
ngaruh,berpengaruh
ngawur,berbicara sembarangan
ngebandel,berbuat bandel
ngeceng,kumpul bareng-bareng
ngeklaim,mengklaim
ngekos,tinggal di kos
ngeksis,menjadi eksis
ngelamar,melamar
ngeles,berkilah
ngelidur,menggigau
ngerampok,merampok
ngikut,ikut
ngiler,mau
ngisi,mengisi
ngisiin,mengisikan
ngocol,lucu
ngubek2,mencari-cari
ngumpul,berkumpul
nice,bagus
niech,nih
nih,ini
nimbrung,ikut serta
niyh,nih
nkah,nikah
no,nomor
nongkrong,kumpul-kumpul
np,now playing
nrp,narapidana
nuhun,terima kasih
numpuk,bertumpuk
nyasar,tersesat
nyariin,mencari
nyekar,menyekar
nyiapin,mempersiapkan
nyicil,mencicil
nyiram,menyiram
nyoblos,mencoblos
o/,oleh
ogah,tidak mau
okt,oktober
ongkir,ongkos kirim
oon,bodoh
oot,out of topic
orkes,olahraga dan kesehatan
ospek,orientasi studi dan pengenalan kampus
otda,otonomi daerah
otre,ok
otw,"on the way, sedang di jalan"
pacal,pacar
pahe,paket hemat
panja,panitia kerja
pansus,panitia khusus
pantura,pantai utara
parpol,partai politik
patas,cepat dan terbatas
pelatda,pemusatan latihan daerah
pelatnas,pemusatan latihan nasional
pembokat,pembantu
pemda,pemerintah daerah
pemilu,pemilihan umum
pemkot,pemerintah kota
pemprov,pemerintah provinsi
pemred,pemimpin redaksi
penjas,pendidikan jasmani
penmas,pendidikan masyarakat
perda,peraturan daerah
perek,wanita tuna susila
pertamax,pertama
pesenan,pesanan
pesenin,pesankan
pgang,pegang
pijetin,pijitkan
pilkada,pemilihan kepala daerah
pimpro,pemimpin proyek
pisan,sangat
pisgor,pisang goreng
pm,private message
pmrnth,pemerintah
polantas,polisi lalu lintas
polwan,polisi wanita
ponpes,pondok pesantren
ponsel,telepon seluler
pp,pulang pergi
prg,pergi
prikitiw,cie
priksa,periksa
pro,profesional
psen,pesan
psn,pesan
pswt,pesawat
puanas,panas
pw,posisi nyaman
qmo,kamu
rakor,rapat koordinasi
ranmor,kendaraan bermotor
raskin,rakyat miskin
re,reply
red,redaksi
ref,referensi
reg,register
rehab,rehabilitasi
rejeki,rezeki
renstra,rencana strategis
repp,balas
reskrim,reserse kriminal
krim,kirim
restik,reserse narkotika
rhs,Rahasia
rofl,rolling on the floor laughing
ru,baru
rudal,peluru kendali
ruko,rumah toko
rusun,rumah susun
rusunawa,rumah susun sewa
rutan,rumah tahanan
ruz,terus
s4,sempat
saia,saya
saiank,sayang
salting,salah tingkah
sampeyan,anda
samsek,sama sekali
sapa,siapa
sapose,siapa
satkorlak,satuan koordinator pelaksana
satpam,satuan pengamanan
sbh,sebuah
scara,secara
se7,setuju
seabrek,banyak
sebelas dua belas,mirip
sekjen,sekretaris jenderal
sembako,sembilan bahan pokok
sempak,celana dalam
sempet2nya,sempat-sempatnya
sendratari,seni drama tari
sertijab,serah terima jabatan
sgtunya,segitunya
shg,sehingga
sidak,inspeksi mendadak
siech,sih
sieyh,sih
sikon,situasi dan kondisi
simpedes,simpanan pedesaan
sinetron,sinema elektronik
sip,ok
siramin,siramkan
sis,kakak perempuan
skl,sekali
skul,sekolah
slma,selama
slsai,selesai
slt,sulit
smwny,semuanya
sng,senang
soljum,sholat jumat
somse,sombong sekali
songong,sombong
sorry,maaf
sosbud,sosial-budaya
sosek,sosial-ekonomi
sospol,sosial-politik
sowry,maaf
spa,siapa
spd,sepeda
sppa,siapa
srtfkt,sertifikat
subbag,subbagian
sumbangin,sumbangkan
sumpek,sempit
tabanas,tabungan pembangunan nasional
tajir,kaya
tawh,tahu
te2p,tetap
teh,kakak perempuan
tekor,rugi
telat,terlambat
telkom,telekomunikasi
telmi,telat berpikir
tengil,menyebalkan
tengok,menjenguk
tepar,terkapar
terbitin,terbitkan
tgu,tunggu
thanks,terima kasih
thankz,terima kasih
tilang,bukti pelanggaran
tipiwan,TvOne
tkg,tukang
tll,terlalu
tls,tulis
tmen2,teman-teman
tmpah,tumpah
tmph,tumpah
tnda,tanda
tngu,tunggu
tnh,tanah
tnyta,ternyata
togel,toto gelap
tokai,tai
toserba,toko serba ada
trdhulu,terdahulu
trgntg,tergantung
trm,terima
trz,terus
ts,penulis
tst,tahu sama tahu
ttd,tertanda
tuh,itu
tuir,tua
tuwh,tuh
tyap,tiap
u/,untuk
ujung2nya,ujung-ujungnya
ul,ulangan
ultah,ulang tahun
unyu,lucu
uplot,unggah
uppu,apa
urang,saya
urg,saya
usah,perlu
utang,hutang
utul,ujian tertulis
valas,valuta asing
vol,volume
w/,dengan
wadir,wakil direktur
wagub,wakil gubernur
wamil,wajib militer
waria,wanita pria
warnet,warung internet
warteg,warung tegal
wartel,warung telekomunikasi
wkwk,tertawa
wtf,what the fuck
wth,what the hell
xixixi,tertawa
ya,iya
yad,yang akan datang
yapz,iya
yaudah,ya sudah
yauwda,ya sudah
yawdah,ya sudah
ybs,yang bersangkutan
yi,yaitu
yl,yang lain
yoha,iya
yowes,ya sudah
yuk,ayo
plh,pilih
munfik,munafik
ahiok,ahok
reklamuk,reklamasi
victory,menang
kmrm,kemeramen
tren,trend
ngehe,kesal
humoris,lucu
komun,komunitas
analisise,analisis
stop,henti
sadaar,sadar
manen,panen
sept,september
nyaingin,saing
nmenarik,menarik
war,perang
janjinyaa,janji
zonk,bodoh
fitnag,fitnah
rights,benar
simiskin,miskin
gantengbs,ganteng
ngumpet,sembunyi
bedakin,bedak
hardcore,keras
anjay,anjing
akhirx,akhirnya
prototype,contoh
solve,solusi
rja,raja
watuk,batuk
nyang,yang
ngebully,intimidasi
hurts,pedih
masy,masyarakat
utip,kutip
still,masih
mndukung,mendukung
pulgar,kasar
mbual,membual
tioghoa,tionghoa
rkyt,rakyat
ngentotin,senggama
ngentot,senggama
kentot,senggama
toys,main
faktakta,fakta
nyemot,ambil
sohib,teman
ego,emosi
rubahnn,rubah
mbaur,baur
governor,gubernur
heter,pembenci
insom,insomnia
nyembah,sembah
most,paling
modar,mati
ikon,lambang
buangbuang,buang
light,terang
amerik,amarika
pndukung,pendukung
mbabibuta,ceroboh
setting,atur
seting,akting
maybe,mungkin
next,lanjut
sebelom,sebelum
waspadalah,waspada
our,kami
cayalah,percaya
gantengsaya,ganteng
bajir,banjir
parte,partai
dzolim,zalim
nipu,tipu
mnipu,tipu
ktipu,tipu
valid,sah
jentelmen,berani
buzzerbuzzer,buzzer
tsk,tersangka
tsangka,tersangka
dungu,bodoh
ista,nista
istaa,nista
less,kurang
bebal,bodoh
koar,teriak
naas,nahas
paranoid,takut
parno,takut
problem,masalah
puyeng,pusing
tahi,kotoran
tirani,tiran
pls,tolong
tilep,tilap
accord,sesuai
happy,bahagia
irit,hemat
tak,tidak
semau,asal
mantabss bagus,nan
penertiban,tertib
orange,oranye
uasai,kuasa
vote,pilih
mnolak,tolak
menolak,tolak
trending,trend
presh,segar
wkwkkw,tertawa
soft,halus
angis,nangis
ahokncc,ahok
almaidahyg,almaidah
benarjujur,benar
sayan,sayang
